# T_hi_c: in-pass monitor series, written by write_monitor_tsv.py
# every sample in the final 400-iteration window (the window the
# convergence verdict is taken on) plus the history every 500 iterations
# S = least-squares d(theta)/d(y/H) over the five mid-width probes at
#     y/H = (0.3, 0.4, 0.5, 0.6, 0.7), theta = (T - T_cold)/dT, dT = 39.9 K
iteration	hotWall_int_snGradT	S	Uy_max_m_per_s	in_final_window
500	6.700357110e+01	0.237661455	2.357960407e-01	no
1000	6.516102640e+01	0.236026383	2.603553473e-01	no
1500	6.489040980e+01	0.242082415	2.612786816e-01	no
2000	6.486371564e+01	0.242287427	2.613250904e-01	no
2500	6.486743437e+01	0.242259135	2.612815574e-01	no
3000	6.486741949e+01	0.242188281	2.613113988e-01	no
3500	6.486727251e+01	0.242158177	2.613296269e-01	no
4000	6.486638736e+01	0.242123025	2.613464171e-01	no
4500	6.486445439e+01	0.242091246	2.613591637e-01	no
5000	6.486138318e+01	0.242066140	2.613663817e-01	no
5500	6.485720165e+01	0.242051545	2.613656371e-01	no
6000	6.485555531e+01	0.242210043	2.612972693e-01	no
6500	6.485558928e+01	0.242265402	2.612902930e-01	no
7000	6.485771497e+01	0.242308300	2.612376349e-01	no
7500	6.485972492e+01	0.242294086	2.612482341e-01	no
8000	6.486143268e+01	0.242282709	2.612558205e-01	no
8500	6.486316007e+01	0.242266601	2.612674877e-01	no
9000	6.486467891e+01	0.242243753	2.612816335e-01	no
9500	6.486579317e+01	0.242216231	2.612976378e-01	no
10000	6.486630814e+01	0.242185201	2.613144284e-01	no
10500	6.486604527e+01	0.242152818	2.613304854e-01	no
11000	6.486486014e+01	0.242122057	2.613440735e-01	no
11500	6.486266260e+01	0.242096187	2.613534157e-01	no
12000	6.485947403e+01	0.242077706	2.613569770e-01	no
12500	6.485528240e+01	0.242070587	2.613528191e-01	no
13000	6.485023752e+01	0.242077088	2.613401324e-01	no
13500	6.486052799e+01	0.242214163	2.612872558e-01	no
14000	6.485950471e+01	0.242221390	2.612751073e-01	no
14500	6.485882185e+01	0.242206266	2.612903824e-01	no
15000	6.485812461e+01	0.242199377	2.612918477e-01	no
15500	6.485713311e+01	0.242197175	2.612921061e-01	no
16000	6.485589126e+01	0.242197304	2.612896777e-01	no
16500	6.485447748e+01	0.242202230	2.612846452e-01	no
17000	6.485299163e+01	0.242212149	2.612769921e-01	no
17500	6.485156245e+01	0.242227291	2.612668528e-01	no
18000	6.485033821e+01	0.242247267	2.612546375e-01	no
18500	6.484948015e+01	0.242271187	2.612410677e-01	no
19000	6.484914962e+01	0.242297633	2.612271393e-01	no
19500	6.484949043e+01	0.242324716	2.612140302e-01	no
20000	6.485061885e+01	0.242350005	2.612032437e-01	no
20500	6.485260296e+01	0.242370689	2.611963017e-01	no
21000	6.485544454e+01	0.242383725	2.611946698e-01	no
21500	6.485903638e+01	0.242386548	2.611995661e-01	no
22000	6.486330944e+01	0.242376563	2.612118388e-01	no
22500	6.486801222e+01	0.242352114	2.612324087e-01	no
23000	6.487295938e+01	0.242317347	2.613227105e-01	no
23500	6.484806127e+01	0.242186127	2.612737619e-01	no
24000	6.484710819e+01	0.242223905	2.612577205e-01	no
24500	6.484583344e+01	0.242261773	2.612393634e-01	no
25000	6.484479540e+01	0.242300869	2.612177869e-01	no
25500	6.484458921e+01	0.242343771	2.611958109e-01	no
26000	6.484545842e+01	0.242387100	2.611755223e-01	no
26500	6.484759816e+01	0.242427296	2.611589909e-01	no
27000	6.485887239e+01	0.242261478	2.613298122e-01	no
27500	6.485300398e+01	0.242186085	2.613024006e-01	no
28000	6.484935739e+01	0.242198395	2.612776743e-01	no
28500	6.484690988e+01	0.242228195	2.612580809e-01	no
29000	6.484499931e+01	0.242264952	2.612362417e-01	no
29500	6.484383694e+01	0.242307843	2.612125852e-01	no
30000	6.484361162e+01	0.242354543	2.611887091e-01	no
30500	6.484460510e+01	0.242401607	2.611666930e-01	no
31000	6.485707375e+01	0.242272300	2.612932573e-01	no
31500	6.485792279e+01	0.242147553	2.613801716e-01	no
32000	6.485766268e+01	0.242261046	2.612433168e-01	no
32500	6.485190432e+01	0.242168759	2.612767040e-01	no
33000	6.485148612e+01	0.242206178	2.612723332e-01	no
33500	6.485052255e+01	0.242229917	2.612641687e-01	no
34000	6.484933115e+01	0.242252005	2.612502912e-01	no
34500	6.484849367e+01	0.242279745	2.612350253e-01	no
35000	6.484825612e+01	0.242309498	2.612195676e-01	no
35500	6.484879001e+01	0.242339566	2.612053025e-01	no
36000	6.485022134e+01	0.242367055	2.611939576e-01	no
36500	6.485261388e+01	0.242388796	2.611871909e-01	no
37000	6.485591848e+01	0.242401785	2.611865321e-01	no
37500	6.486013681e+01	0.242402942	2.611931459e-01	no
38000	6.486506379e+01	0.242390403	2.612083912e-01	no
38500	6.485718866e+01	0.242251829	2.613006941e-01	no
39000	6.485883847e+01	0.242244300	2.612637475e-01	no
39500	6.486384047e+01	0.242203104	2.613088571e-01	no
40000	6.486014204e+01	0.242181504	2.613066951e-01	no
40500	6.485840962e+01	0.242172100	2.613071109e-01	no
41000	6.485658773e+01	0.242168543	2.613055327e-01	no
41500	6.485447644e+01	0.242171583	2.613001729e-01	no
42000	6.485215649e+01	0.242182124	2.612906966e-01	no
42500	6.484979132e+01	0.242200879	2.612770157e-01	no
43000	6.484759563e+01	0.242227813	2.612595092e-01	no
43500	6.484581224e+01	0.242262142	2.612390652e-01	no
44000	6.484470117e+01	0.242302152	2.612169871e-01	no
44500	6.484449277e+01	0.242345371	2.611948457e-01	no
45000	6.484538561e+01	0.242389099	2.611743826e-01	no
45500	6.484755179e+01	0.242429695	2.611576974e-01	no
46000	6.485813997e+01	0.242292969	2.612929040e-01	no
46500	6.486385747e+01	0.242324345	2.612591856e-01	no
47000	6.486452248e+01	0.242287131	2.612610629e-01	no
47500	6.486620831e+01	0.242261764	2.612750494e-01	no
48000	6.486792858e+01	0.242228778	2.612950913e-01	no
48500	6.486907183e+01	0.242189699	2.613169525e-01	no
49000	6.486932788e+01	0.242147404	2.613390521e-01	no
49500	6.486851951e+01	0.242104207	2.613597482e-01	no
50000	6.486641465e+01	0.242063964	2.613765642e-01	no
50500	6.485899278e+01	0.242172185	2.613036182e-01	no
51000	6.485652137e+01	0.242233832	2.612525607e-01	no
51500	6.485784570e+01	0.242213069	2.612907917e-01	no
52000	6.485747294e+01	0.242191291	2.612941305e-01	no
52500	6.485644817e+01	0.242194316	2.612919940e-01	no
53000	6.485506883e+01	0.242197013	2.612885212e-01	no
53500	6.485352975e+01	0.242204660	2.612816804e-01	no
54000	6.485197693e+01	0.242218061	2.612722425e-01	no
54500	6.485056227e+01	0.242236731	2.612603328e-01	no
55000	6.484945033e+01	0.242260088	2.612466024e-01	no
55500	6.484881286e+01	0.242286912	2.612319557e-01	no
56000	6.484881278e+01	0.242315432	2.612175372e-01	no
56500	6.484958961e+01	0.242343357	2.612048009e-01	no
57000	6.485124140e+01	0.242367889	2.611953273e-01	no
57500	6.485380652e+01	0.242385919	2.611907191e-01	no
58000	6.485721639e+01	0.242394602	2.611923926e-01	no
58500	6.486142781e+01	0.242391105	2.612013197e-01	no
59000	6.486622755e+01	0.242373523	2.612186554e-01	no
59500	6.487138575e+01	0.242342632	2.612993987e-01	no
60000	6.486251551e+01	0.242257887	2.612872532e-01	no
60500	6.486263863e+01	0.242220952	2.612896155e-01	no
61000	6.486261740e+01	0.242203351	2.612983523e-01	no
61500	6.486228592e+01	0.242184335	2.613078411e-01	no
62000	6.486141213e+01	0.242166240	2.613153559e-01	no
62500	6.485993568e+01	0.242151919	2.613200702e-01	no
63000	6.485786011e+01	0.242143090	2.613208588e-01	no
63500	6.485524981e+01	0.242141910	2.613167092e-01	no
64000	6.485223315e+01	0.242150202	2.613070682e-01	no
64500	6.484901108e+01	0.242169250	2.612915749e-01	no
65000	6.484584332e+01	0.242199664	2.612704947e-01	no
65500	6.484300023e+01	0.242240935	2.612445694e-01	no
66000	6.484079723e+01	0.242292419	2.612148557e-01	no
66500	6.483950036e+01	0.242352585	2.611827696e-01	no
67000	6.485712182e+01	0.242242994	2.612078084e-01	no
67500	6.485606269e+01	0.242402325	2.611942728e-01	no
68000	6.485922452e+01	0.242385962	2.612001863e-01	no
68500	6.486318300e+01	0.242376465	2.612115104e-01	no
69000	6.486779448e+01	0.242352681	2.612317982e-01	no
69500	6.487269660e+01	0.242328513	2.612671331e-01	no
70000	6.485879393e+01	0.242226636	2.612635715e-01	no
70500	6.485762144e+01	0.242229591	2.613139112e-01	no
71000	6.484351622e+01	0.242307024	2.611832629e-01	no
71500	6.485147869e+01	0.242355977	2.612006442e-01	no
72000	6.485476991e+01	0.242366175	2.612015111e-01	no
72500	6.485806814e+01	0.242372848	2.612047742e-01	no
73000	6.486179420e+01	0.242365972	2.612146883e-01	no
73500	6.486592456e+01	0.242346412	2.612315902e-01	no
74000	6.487018436e+01	0.242312768	2.612561603e-01	no
74500	6.487428324e+01	0.242263640	2.612884883e-01	no
75000	6.485361881e+01	0.242344143	2.612127981e-01	no
75500	6.485637618e+01	0.242342891	2.612124400e-01	no
76000	6.485921732e+01	0.242348578	2.612194536e-01	no
76500	6.486239081e+01	0.242336910	2.612302655e-01	no
77000	6.486574561e+01	0.242315657	2.612468500e-01	no
77500	6.486900759e+01	0.242282966	2.612692395e-01	no
78000	6.487191491e+01	0.242238703	2.612968002e-01	no
78500	6.487407290e+01	0.242184161	2.613285388e-01	no
79000	6.485499195e+01	0.242235552	2.612667196e-01	no
79500	6.485613720e+01	0.242260875	2.612723467e-01	no
80000	6.485337222e+01	0.242234232	2.612576970e-01	no
80500	6.485284237e+01	0.242261300	2.612547597e-01	no
81000	6.485273410e+01	0.242271007	2.612462661e-01	no
81500	6.485291473e+01	0.242287053	2.612391745e-01	no
82000	6.485351188e+01	0.242300591	2.612332910e-01	no
82500	6.485456966e+01	0.242311970	2.612293715e-01	no
83000	6.485608916e+01	0.242319266	2.612283514e-01	no
83500	6.485802834e+01	0.242320877	2.612309541e-01	no
84000	6.486029500e+01	0.242315486	2.612376960e-01	no
84500	6.486274462e+01	0.242302052	2.612486964e-01	no
85000	6.486517986e+01	0.242280108	2.612640666e-01	no
85500	6.486736524e+01	0.242249926	2.612832256e-01	no
86000	6.486903522e+01	0.242212543	2.613052205e-01	no
86500	6.486991704e+01	0.242169888	2.613285974e-01	no
87000	6.486981324e+01	0.242124194	2.613517588e-01	no
87500	6.486845577e+01	0.242079125	2.613724391e-01	no
88000	6.486577108e+01	0.242037049	2.613886551e-01	no
88500	6.485867331e+01	0.242191999	2.612675119e-01	no
89000	6.486100800e+01	0.242169599	2.613140761e-01	no
89500	6.485987869e+01	0.242159888	2.613146327e-01	no
90000	6.485819196e+01	0.242152839	2.613166441e-01	no
90500	6.485591708e+01	0.242149822	2.613138806e-01	no
91000	6.485322102e+01	0.242155595	2.613060570e-01	no
91500	6.485028819e+01	0.242171000	2.612930191e-01	no
92000	6.484735205e+01	0.242196736	2.612747109e-01	no
92500	6.484468998e+01	0.242232635	2.612518638e-01	no
93000	6.484258012e+01	0.242277681	2.612255317e-01	no
93500	6.484130965e+01	0.242329901	2.611970799e-01	no
94000	6.484113308e+01	0.242386960	2.611680903e-01	no
94500	6.484934715e+01	0.242382551	2.611863297e-01	no
95000	6.485650440e+01	0.242370829	2.611974809e-01	no
95500	6.486061253e+01	0.242375373	2.612088468e-01	no
96000	6.486482920e+01	0.242357339	2.612241505e-01	no
96500	6.486925141e+01	0.242327642	2.612468842e-01	no
97000	6.487363399e+01	0.242282158	2.612779515e-01	no
97500	6.485952985e+01	0.242345688	2.612218844e-01	no
98000	6.486222593e+01	0.242338301	2.612302601e-01	no
98500	6.486519289e+01	0.242315449	2.612460712e-01	no
99000	6.486829776e+01	0.242284974	2.612668735e-01	no
99500	6.487111876e+01	0.242243554	2.612929742e-01	no
100000	6.487326388e+01	0.242191958	2.613230557e-01	no
100500	6.487444918e+01	0.242131932	2.613559895e-01	no
101000	6.485710041e+01	0.242237930	2.612291618e-01	no
101500	6.485664412e+01	0.242243702	2.612110711e-01	no
102000	6.484769795e+01	0.242249874	2.612578025e-01	no
102500	6.484781873e+01	0.242275537	2.612354866e-01	no
103000	6.484764009e+01	0.242307280	2.612199403e-01	no
103500	6.484803980e+01	0.242339045	2.612042601e-01	no
104000	6.484935039e+01	0.242369234	2.611913280e-01	no
104500	6.485166523e+01	0.242394116	2.611828409e-01	no
105000	6.485498668e+01	0.242410848	2.611803146e-01	no
105500	6.485930598e+01	0.242415671	2.611854057e-01	no
106000	6.486414125e+01	0.242324455	2.613401084e-01	no
106500	6.485767021e+01	0.242263643	2.612364299e-01	no
107000	6.485836392e+01	0.242277419	2.612548106e-01	no
107500	6.485951918e+01	0.242269039	2.612595550e-01	no
108000	6.486058385e+01	0.242259791	2.612664197e-01	no
108500	6.486154669e+01	0.242246347	2.612748263e-01	no
109000	6.486228485e+01	0.242229898	2.612844562e-01	no
109500	6.486267584e+01	0.242211180	2.612946946e-01	no
110000	6.486260722e+01	0.242191396	2.613046909e-01	no
110500	6.486198683e+01	0.242172187	2.613133743e-01	no
111000	6.486075419e+01	0.242155605	2.613196378e-01	no
111500	6.485889531e+01	0.242143764	2.613223690e-01	no
112000	6.485645112e+01	0.242138859	2.613204503e-01	no
112500	6.485352302e+01	0.242142854	2.613131289e-01	no
113000	6.485028542e+01	0.242157351	2.612999055e-01	no
113500	6.484697818e+01	0.242183351	2.612807627e-01	no
114000	6.484386347e+01	0.242220704	2.612562445e-01	no
114500	6.484124988e+01	0.242269305	2.612272150e-01	no
115000	6.483942155e+01	0.242327792	2.611950231e-01	no
115500	6.486137639e+01	0.242172314	2.613565120e-01	no
116000	6.485342315e+01	0.242193617	2.612983301e-01	no
116500	6.485013842e+01	0.242195425	2.612810058e-01	no
117000	6.484760883e+01	0.242222203	2.612622383e-01	no
117500	6.484561931e+01	0.242256762	2.612414848e-01	no
118000	6.484432073e+01	0.242297538	2.612186152e-01	no
118500	6.484392096e+01	0.242342365	2.611953739e-01	no
119000	6.484463790e+01	0.242388320	2.611734630e-01	no
119500	6.484663567e+01	0.242431871	2.611549164e-01	no
120000	6.485879010e+01	0.242232644	2.612932109e-01	no
120500	6.484698627e+01	0.242340835	2.612007104e-01	no
121000	6.484778812e+01	0.242375740	2.611849836e-01	no
121500	6.484979902e+01	0.242406682	2.611732645e-01	no
122000	6.485315308e+01	0.242430668	2.611671181e-01	no
122500	6.485773473e+01	0.242315192	2.613117662e-01	no
123000	6.485017579e+01	0.242142939	2.613007655e-01	no
123500	6.484737359e+01	0.242175178	2.612835034e-01	no
124000	6.484479828e+01	0.242212224	2.612618739e-01	no
124500	6.484223427e+01	0.242257395	2.612350430e-01	no
125000	6.484036099e+01	0.242311329	2.612046384e-01	no
125500	6.485979726e+01	0.242238453	2.612658539e-01	no
126000	6.485945245e+01	0.242227905	2.612845840e-01	no
126500	6.485803028e+01	0.242222010	2.612634555e-01	no
127000	6.484518645e+01	0.242291190	2.611638811e-01	no
127500	6.485512174e+01	0.242374776	2.611937000e-01	no
128000	6.485952963e+01	0.242371968	2.612080673e-01	no
128500	6.486367230e+01	0.242359800	2.612206014e-01	no
129000	6.486799458e+01	0.242334068	2.612415279e-01	no
129500	6.487229333e+01	0.242292970	2.612699935e-01	no
130000	6.486089236e+01	0.242223089	2.612867899e-01	no
130500	6.485873795e+01	0.242215502	2.612873960e-01	no
131000	6.485804319e+01	0.242208720	2.612870071e-01	no
131500	6.485723192e+01	0.242206720	2.612874151e-01	no
132000	6.485624651e+01	0.242206325	2.612857390e-01	no
132500	6.485512280e+01	0.242209798	2.612819763e-01	no
133000	6.485393357e+01	0.242217233	2.612760900e-01	no
133500	6.485277588e+01	0.242228855	2.612682243e-01	no
134000	6.485176764e+01	0.242244433	2.612586133e-01	no
134500	6.485103697e+01	0.242263263	2.612478292e-01	no
135000	6.485071556e+01	0.242284269	2.612366444e-01	no
135500	6.485092080e+01	0.242305988	2.612260173e-01	no
136000	6.485174844e+01	0.242326505	2.612170715e-01	no
136500	6.485325613e+01	0.242343678	2.612110644e-01	no
137000	6.485545053e+01	0.242354950	2.612091955e-01	no
137500	6.485827619e+01	0.242358055	2.612125563e-01	no
138000	6.486160257e+01	0.242350890	2.612219036e-01	no
138500	6.486522055e+01	0.242332071	2.612376470e-01	no
139000	6.486890386e+01	0.242300984	2.612598901e-01	no
139500	6.487231905e+01	0.242256738	2.612883237e-01	no
139600	6.485743550e+01	0.242425821	2.611771963e-01	yes
139650	6.484790891e+01	0.242427277	2.611595755e-01	yes
139700	6.484139294e+01	0.242364909	2.611796980e-01	yes
139750	6.484019710e+01	0.242257198	2.612312261e-01	yes
139800	6.484487197e+01	0.242140684	2.612977802e-01	yes
139850	6.485402342e+01	0.242060424	2.613555800e-01	yes
139900	6.486436273e+01	0.242042126	2.613836192e-01	yes
139950	6.487235614e+01	0.242093997	2.613716556e-01	yes
140000	6.487515286e+01	0.242199867	2.613224402e-01	yes
