# C1_hi_c_laminar: in-pass monitor series, written by write_monitor_tsv.py
# every sample in the final 400-iteration window (the window the
# convergence verdict is taken on) plus the history every 500 iterations
# S = least-squares d(theta)/d(y/H) over the five mid-width probes at
#     y/H = (0.3, 0.4, 0.5, 0.6, 0.7), theta = (T - T_cold)/dT, dT = 39.9 K
iteration	hotWall_int_snGradT	S	Uy_max_m_per_s	in_final_window
500	6.258163432e+01	0.350940949	6.594953921e-01	no
1000	5.416884308e+01	0.751139494	6.130080692e-01	no
1500	5.379944993e+01	0.473999832	5.263733447e-01	no
2000	5.425686980e+01	0.464475392	5.402348738e-01	no
2500	5.343568927e+01	0.625128875	5.264417496e-01	no
3000	5.402881252e+01	0.488963539	6.066732422e-01	no
3500	5.396941888e+01	0.483221659	5.344879221e-01	no
4000	5.486874396e+01	0.531896920	5.463495038e-01	no
4500	5.397446319e+01	0.467810671	5.672121939e-01	no
5000	5.419967640e+01	0.494411833	5.465514594e-01	no
5500	5.415058221e+01	0.401667693	5.441870903e-01	no
6000	5.462135763e+01	0.524274335	5.254000377e-01	no
6500	5.418387659e+01	0.322804251	5.685152669e-01	no
7000	5.428595727e+01	0.562172036	5.116004612e-01	no
7500	5.420681720e+01	0.535029411	5.908761162e-01	no
8000	5.407397825e+01	0.463472318	5.674289835e-01	no
8500	5.428611546e+01	0.511332632	5.359104470e-01	no
9000	5.446138103e+01	0.517586972	5.591060294e-01	no
9500	5.411029453e+01	0.569960978	5.431307271e-01	no
10000	5.468245093e+01	0.589952366	5.667576043e-01	no
10500	5.438028744e+01	0.504241202	5.556850057e-01	no
11000	5.382530195e+01	0.549752681	5.199696191e-01	no
11500	5.455120910e+01	0.497253383	5.688992270e-01	no
12000	5.362566372e+01	0.610631571	5.081786299e-01	no
12500	5.419237583e+01	0.516489054	5.683124177e-01	no
13000	5.413809362e+01	0.435617184	5.449278867e-01	no
13500	5.442758487e+01	0.519845623	5.246969643e-01	no
14000	5.455999590e+01	0.519030072	5.703223434e-01	no
14500	5.446887649e+01	0.543798692	5.563461651e-01	no
15000	5.469520244e+01	0.515133929	5.784420042e-01	no
15500	5.431149456e+01	0.493333195	5.165257190e-01	no
16000	5.418537780e+01	0.509317147	6.110959048e-01	no
16500	5.441909635e+01	0.554894188	5.511721074e-01	no
17000	5.476120516e+01	0.517470495	5.643135652e-01	no
17500	5.388218137e+01	0.459180611	5.827149447e-01	no
18000	5.357009523e+01	0.483709938	5.543313236e-01	no
18500	5.472561339e+01	0.443661148	5.170416418e-01	no
19000	5.428877274e+01	0.477109445	5.541816527e-01	no
19500	5.377497842e+01	0.486416727	5.168846942e-01	no
20000	5.511017344e+01	0.571913072	5.501120892e-01	no
20500	5.412580075e+01	0.518842695	5.646708639e-01	no
21000	5.423999708e+01	0.549100148	5.533420585e-01	no
21500	5.417577152e+01	0.544108378	5.545899403e-01	no
22000	5.467056956e+01	0.470878751	5.587984403e-01	no
22500	5.448633836e+01	0.582123530	5.433504043e-01	no
23000	5.482172450e+01	0.588513796	5.206619273e-01	no
23500	5.453743197e+01	0.521001205	5.916545017e-01	no
24000	5.414689130e+01	0.484759566	5.949931346e-01	no
24500	5.428945109e+01	0.400062779	5.632712399e-01	no
25000	5.459723151e+01	0.517261081	5.940339211e-01	no
25500	5.446542510e+01	0.483409163	5.948848501e-01	no
26000	5.447255622e+01	0.357947843	5.194592320e-01	no
26500	5.485993653e+01	0.566526378	6.018229904e-01	no
27000	5.445594598e+01	0.535522797	5.123759704e-01	no
27500	5.443074190e+01	0.481710908	5.769316809e-01	no
28000	5.441095997e+01	0.461710046	5.768003875e-01	no
28500	5.437488767e+01	0.512945102	5.889314484e-01	no
29000	5.428552609e+01	0.472563690	5.753567942e-01	no
29500	5.470782382e+01	0.514207786	5.357060470e-01	no
30000	5.410446867e+01	0.529013232	5.352174563e-01	no
30500	5.469788914e+01	0.590712718	5.672729776e-01	no
31000	5.422747691e+01	0.500705114	5.178723520e-01	no
31500	5.459629796e+01	0.501012486	5.568397644e-01	no
32000	5.409721676e+01	0.465508728	5.618692661e-01	no
32500	5.332854420e+01	0.535240891	5.037368322e-01	no
33000	5.504637624e+01	0.590507699	5.745944528e-01	no
33500	5.419429336e+01	0.522399164	5.580616988e-01	no
34000	5.493725468e+01	0.528028873	5.293230378e-01	no
34500	5.473741018e+01	0.557953628	5.604953005e-01	no
35000	5.473419567e+01	0.540034003	5.486590973e-01	no
35500	5.471951533e+01	0.474776099	6.174756280e-01	no
36000	5.399193202e+01	0.533019518	5.895815392e-01	no
36500	5.497385789e+01	0.519904330	5.595145356e-01	no
37000	5.492803772e+01	0.560926383	6.043945062e-01	no
37500	5.424386871e+01	0.575923649	5.257440321e-01	no
38000	5.470456856e+01	0.579949478	5.351642848e-01	no
38500	5.404646291e+01	0.489898575	5.490345438e-01	no
39000	5.437740523e+01	0.330700077	5.259943147e-01	no
39500	5.467567219e+01	0.533641765	5.611126960e-01	no
40000	5.437746057e+01	0.509111278	5.404634224e-01	no
40500	5.479591403e+01	0.647196250	5.538279738e-01	no
41000	5.438884325e+01	0.479131010	5.571771431e-01	no
41500	5.439634947e+01	0.512572584	5.530738835e-01	no
42000	5.342824079e+01	0.401741351	5.884905956e-01	no
42500	5.461264051e+01	0.490373568	5.861295493e-01	no
43000	5.442438022e+01	0.492097844	5.305617453e-01	no
43500	5.445349997e+01	0.491855410	5.164588824e-01	no
44000	5.433243148e+01	0.570645018	5.170713743e-01	no
44500	5.406996886e+01	0.492690951	5.351168528e-01	no
45000	5.480170726e+01	0.526846185	5.124694214e-01	no
45500	5.480767012e+01	0.529391163	5.647831837e-01	no
46000	5.464710574e+01	0.639967289	5.225007383e-01	no
46500	5.467471127e+01	0.600034831	5.680004898e-01	no
47000	5.402383001e+01	0.591553223	5.301054549e-01	no
47500	5.465437786e+01	0.554461923	5.328346944e-01	no
48000	5.413135692e+01	0.506738950	5.665734557e-01	no
48500	5.486876081e+01	0.568714300	5.403479926e-01	no
49000	5.486238783e+01	0.610096436	5.864307440e-01	no
49500	5.480512700e+01	0.554001882	5.495158942e-01	no
50000	5.466398359e+01	0.571039771	5.676489533e-01	no
50500	5.433783833e+01	0.497959967	6.014194212e-01	no
51000	5.430036528e+01	0.672410282	5.343033772e-01	no
51500	5.437295655e+01	0.531533761	5.605326327e-01	no
52000	5.412337458e+01	0.570898547	5.326199309e-01	no
52500	5.434679744e+01	0.634360560	5.675701839e-01	no
53000	5.450345029e+01	0.535986038	5.262875840e-01	no
53500	5.426292311e+01	0.615595137	5.694390442e-01	no
54000	5.414292834e+01	0.555018517	5.110094315e-01	no
54500	5.425301797e+01	0.594343414	5.662404148e-01	no
55000	5.407263788e+01	0.612063282	5.330825710e-01	no
55500	5.466036618e+01	0.553605947	5.139652036e-01	no
56000	5.478552101e+01	0.606660782	5.461837765e-01	no
56500	5.414663637e+01	0.521360020	5.617090481e-01	no
57000	5.429126921e+01	0.599049024	5.909176708e-01	no
57500	5.448803324e+01	0.429029097	5.347044960e-01	no
58000	5.480643467e+01	0.527641354	5.576985215e-01	no
58500	5.356185808e+01	0.480500044	5.086939629e-01	no
59000	5.456941629e+01	0.546472455	5.511264132e-01	no
59500	5.407556450e+01	0.483724306	5.444589599e-01	no
59600	5.468132567e+01	0.592274487	5.789134307e-01	yes
59650	5.434231494e+01	0.558271594	5.306426444e-01	yes
59700	5.441882458e+01	0.495058398	5.414642136e-01	yes
59750	5.471200179e+01	0.599808571	6.102018692e-01	yes
59800	5.464462327e+01	0.564959768	5.442274195e-01	yes
59850	5.396744843e+01	0.415082082	5.757265355e-01	yes
59900	5.432659496e+01	0.541847191	5.909702278e-01	yes
59950	5.416390218e+01	0.582976089	5.770875483e-01	yes
60000	5.437167491e+01	0.441364909	5.519579424e-01	yes
