# C2_hi_c_Ra130: in-pass monitor series, written by write_monitor_tsv.py
# every sample in the final 400-iteration window (the window the
# convergence verdict is taken on) plus the history every 500 iterations
# S = least-squares d(theta)/d(y/H) over the five mid-width probes at
#     y/H = (0.3, 0.4, 0.5, 0.6, 0.7), theta = (T - T_cold)/dT, dT = 51.87 K
iteration	hotWall_int_snGradT	S	Uy_max_m_per_s	in_final_window
500	9.568194106e+01	0.260571631	2.619178151e-01	no
1000	9.201821784e+01	0.244217258	2.962964460e-01	no
1500	9.148250751e+01	0.248894102	2.973176599e-01	no
2000	9.143063475e+01	0.248962287	2.974065857e-01	no
2500	9.142972144e+01	0.248827662	2.975482299e-01	no
3000	9.142877399e+01	0.248884030	2.974465026e-01	no
3500	9.143040872e+01	0.248950067	2.974279072e-01	no
4000	9.142314355e+01	0.248963818	2.973991111e-01	no
4500	9.142215136e+01	0.248957764	2.973962096e-01	no
5000	9.142507633e+01	0.248918376	2.974232057e-01	no
5500	9.142666006e+01	0.248947521	2.974190008e-01	no
6000	9.142570795e+01	0.248954523	2.974161198e-01	no
6500	9.142723040e+01	0.248923317	2.974173891e-01	no
7000	9.142758392e+01	0.248962994	2.974270632e-01	no
7500	9.142822011e+01	0.248936964	2.973939596e-01	no
8000	9.142203223e+01	0.248920871	2.974095053e-01	no
8500	9.142591199e+01	0.248928393	2.974306387e-01	no
9000	9.142812123e+01	0.248896643	2.974303768e-01	no
9500	9.142588759e+01	0.248963157	2.973909387e-01	no
10000	9.142001656e+01	0.248938411	2.974240625e-01	no
10500	9.142656719e+01	0.248892896	2.974216818e-01	no
11000	9.142528808e+01	0.248888853	2.974422073e-01	no
11500	9.143020990e+01	0.248924462	2.974203604e-01	no
12000	9.142906438e+01	0.248935245	2.974273031e-01	no
12500	9.142783225e+01	0.248947520	2.974243013e-01	no
13000	9.142830777e+01	0.248914870	2.974276784e-01	no
13500	9.142892055e+01	0.248931423	2.974210467e-01	no
14000	9.142799596e+01	0.248903477	2.974126800e-01	no
14500	9.142633784e+01	0.248929997	2.974194459e-01	no
15000	9.142670632e+01	0.248900773	2.974041331e-01	no
15500	9.142664311e+01	0.248912322	2.974125849e-01	no
16000	9.142636596e+01	0.248923485	2.974223261e-01	no
16500	9.142824490e+01	0.248885839	2.974541588e-01	no
17000	9.143065223e+01	0.248901898	2.974219251e-01	no
17500	9.143352958e+01	0.248904702	2.974238241e-01	no
18000	9.143502998e+01	0.248865129	2.974664573e-01	no
18500	9.143083552e+01	0.248926445	2.974278223e-01	no
19000	9.143413052e+01	0.248882801	2.974545475e-01	no
19500	9.143213903e+01	0.248923689	2.974202628e-01	no
20000	9.142815138e+01	0.248944188	2.974548335e-01	no
20500	9.142783724e+01	0.248929867	2.974171866e-01	no
21000	9.142865512e+01	0.248932550	2.974177021e-01	no
21500	9.142931360e+01	0.248903399	2.974100483e-01	no
22000	9.142781579e+01	0.248925540	2.974068573e-01	no
22500	9.142549572e+01	0.248945251	2.974025141e-01	no
23000	9.142831863e+01	0.248939764	2.974020587e-01	no
23500	9.143216466e+01	0.248941388	2.974188694e-01	no
24000	9.142587787e+01	0.248946781	2.974061774e-01	no
24500	9.142586552e+01	0.248929768	2.974447692e-01	no
25000	9.142016340e+01	0.248942583	2.974000056e-01	no
25500	9.142471487e+01	0.248924924	2.974163217e-01	no
26000	9.142882052e+01	0.248891087	2.974337680e-01	no
26500	9.142775214e+01	0.248905940	2.974304036e-01	no
27000	9.142764329e+01	0.248925504	2.974104684e-01	no
27500	9.142336576e+01	0.248952662	2.973967948e-01	no
28000	9.142285794e+01	0.248951713	2.974023345e-01	no
28500	9.141987120e+01	0.248941959	2.973923381e-01	no
29000	9.142619662e+01	0.248873529	2.974619973e-01	no
29500	9.142846419e+01	0.248895536	2.973474338e-01	no
30000	9.143000379e+01	0.248896040	2.974039023e-01	no
30500	9.142673715e+01	0.248893702	2.974241113e-01	no
31000	9.142676374e+01	0.248911726	2.974114606e-01	no
31500	9.142659215e+01	0.248909808	2.974342587e-01	no
32000	9.142758914e+01	0.248925638	2.974061469e-01	no
32500	9.142595701e+01	0.248949105	2.974214247e-01	no
33000	9.142727107e+01	0.248934673	2.974129149e-01	no
33500	9.142376070e+01	0.248927925	2.974182198e-01	no
34000	9.142625666e+01	0.248907661	2.974336264e-01	no
34500	9.142738850e+01	0.248901425	2.974239594e-01	no
35000	9.142861941e+01	0.248919984	2.974301160e-01	no
35500	9.142583195e+01	0.248929921	2.974001138e-01	no
36000	9.142562426e+01	0.248962731	2.974185165e-01	no
36500	9.142666893e+01	0.248918807	2.974313980e-01	no
37000	9.142811108e+01	0.248882462	2.974446806e-01	no
37500	9.142950185e+01	0.248917060	2.974152979e-01	no
38000	9.142627848e+01	0.248931682	2.974131041e-01	no
38500	9.142854494e+01	0.248905960	2.974408101e-01	no
39000	9.142882528e+01	0.248917296	2.974261854e-01	no
39500	9.142761390e+01	0.248922134	2.974163695e-01	no
40000	9.142913164e+01	0.248934503	2.974156365e-01	no
40500	9.142185199e+01	0.248944631	2.974073170e-01	no
41000	9.142500235e+01	0.248931678	2.974249890e-01	no
41500	9.142748342e+01	0.248914023	2.974338901e-01	no
42000	9.142665336e+01	0.248941680	2.974248937e-01	no
42500	9.142739835e+01	0.248927948	2.974132559e-01	no
43000	9.142725724e+01	0.248921737	2.974324876e-01	no
43500	9.142774075e+01	0.248895419	2.974286163e-01	no
44000	9.143089135e+01	0.248881187	2.974424664e-01	no
44500	9.142749488e+01	0.248916044	2.974213736e-01	no
45000	9.143239953e+01	0.248878675	2.974465941e-01	no
45500	9.142762370e+01	0.248941203	2.974289849e-01	no
46000	9.142514275e+01	0.248928303	2.974017299e-01	no
46500	9.142482531e+01	0.248865166	2.974467356e-01	no
47000	9.142829970e+01	0.248906607	2.974429381e-01	no
47500	9.143001554e+01	0.248927231	2.974033738e-01	no
48000	9.143413611e+01	0.248928583	2.974059321e-01	no
48500	9.142857275e+01	0.248952237	2.973983465e-01	no
49000	9.142453040e+01	0.248967626	2.973859702e-01	no
49500	9.142658732e+01	0.248937519	2.973663462e-01	no
50000	9.142525024e+01	0.248900826	2.974382095e-01	no
50500	9.142169500e+01	0.248902494	2.973804510e-01	no
51000	9.142603262e+01	0.248931288	2.974495023e-01	no
51500	9.142554159e+01	0.248916569	2.974086872e-01	no
52000	9.142825463e+01	0.248918560	2.974166859e-01	no
52500	9.142924777e+01	0.248923439	2.974141666e-01	no
53000	9.142688827e+01	0.248931925	2.974085657e-01	no
53500	9.142574267e+01	0.248942585	2.974091291e-01	no
54000	9.142762233e+01	0.248925938	2.974232667e-01	no
54500	9.142805497e+01	0.248939826	2.974076300e-01	no
55000	9.141930854e+01	0.248980219	2.973864746e-01	no
55500	9.142230244e+01	0.248916025	2.974242164e-01	no
56000	9.142487632e+01	0.248913405	2.974242375e-01	no
56500	9.142659003e+01	0.248929149	2.974114223e-01	no
57000	9.142809393e+01	0.248921203	2.974208814e-01	no
57500	9.142797182e+01	0.248887341	2.974333873e-01	no
58000	9.142820301e+01	0.248928805	2.974120382e-01	no
58500	9.142518047e+01	0.248939998	2.974218000e-01	no
59000	9.142764402e+01	0.248933576	2.974203436e-01	no
59500	9.142885231e+01	0.248921861	2.974255334e-01	no
59600	9.142755038e+01	0.248929995	2.974125879e-01	yes
59650	9.142665104e+01	0.248945889	2.974086110e-01	yes
59700	9.142564859e+01	0.248928378	2.974199266e-01	yes
59750	9.142500442e+01	0.248937341	2.974126852e-01	yes
59800	9.142539240e+01	0.248919593	2.974229637e-01	yes
59850	9.142636253e+01	0.248938347	2.974345028e-01	yes
59900	9.142753085e+01	0.248919377	2.974063994e-01	yes
59950	9.142767528e+01	0.248907340	2.974183949e-01	yes
60000	9.142720771e+01	0.248935613	2.974235130e-01	yes
