# Ampofo and Karayiannis (2003) Table 2, pp. 3556-3557: experimental
# results at Y = 0.5.  Extracted from the PDF text layer of
# docs/papers/buoyant_natural_convection/ampofo_karayiannis_2003_ijhmt_46.pdf
# (identified by its own metadata DOI doi:10.1016/S0017-9310(03)00147-9,
# sha256 c193d79e3eb8cba5d1fd6af085c3a8c4c9497df80f90292287282694ed64ffaf).
# NOT digitized from a figure: this is the paper's own printed table.
# V0 = sqrt(g.beta.H.dT) = 1 m/s and dT = Th - Tc = 40 K, so the
# velocity columns are also m/s.
# X	v/V0	u/V0	vrms/V0	urms/V0	(T-Tc)/dT	Trms/dT	uv/V0^2	vT/(V0.dT)	uT/(V0.dT)	k/V0^2
0.000000e+00	0.000000e+00	0.000000e+00	0.000000e+00	0.000000e+00	1.000000e+00	0.000000e+00	0.000000e+00	0.000000e+00	0.000000e+00	0.000000e+00
3.333300e-04	4.030000e-02	-3.644000e-04	3.990000e-04	2.640000e-04	9.525000e-01	1.640000e-02	-2.000000e-06	8.192500e-07	1.825000e-06	1.716700e-07
6.666700e-04	6.110000e-02	-4.089000e-04	2.388000e-03	3.860000e-04	9.300000e-01	2.040000e-02	-4.000000e-06	2.069300e-06	4.325000e-06	4.388700e-06
1.000000e-03	8.430000e-02	-4.119200e-04	7.598000e-03	1.070000e-03	9.200000e-01	2.880000e-02	-7.000000e-06	2.670000e-06	8.600000e-06	4.415600e-05
1.333300e-03	1.001000e-01	-6.921000e-04	2.050000e-02	4.957000e-03	9.125000e-01	3.450000e-02	-6.030000e-06	5.193300e-05	1.531000e-05	3.344200e-04
1.666700e-03	1.158000e-01	-7.510000e-04	2.010000e-02	5.252000e-03	8.750000e-01	3.910000e-02	-7.000000e-06	7.295000e-05	2.748300e-05	3.240900e-04
2.000000e-03	1.325000e-01	-8.130000e-04	2.830000e-02	6.438000e-03	8.685000e-01	4.530000e-02	-7.500000e-06	8.879800e-05	9.160000e-06	6.326900e-04
2.333300e-03	1.457000e-01	-8.630000e-04	2.960000e-02	6.892000e-03	8.373000e-01	5.480000e-02	-8.000000e-06	1.160400e-04	3.680000e-05	6.926600e-04
2.666700e-03	1.613000e-01	-6.340000e-04	3.590000e-02	7.750000e-03	8.298000e-01	5.860000e-02	-1.000000e-05	2.372500e-04	4.952500e-05	1.009800e-03
3.000000e-03	1.655000e-01	-7.470000e-04	3.780000e-02	8.876000e-03	8.071000e-01	5.850000e-02	-1.320000e-05	5.220500e-04	7.647500e-05	1.133000e-03
3.333300e-03	1.739000e-01	-6.670000e-04	3.960000e-02	9.036000e-03	7.830000e-01	6.200000e-02	-8.000000e-06	1.391000e-03	1.278000e-04	1.234900e-03
3.666700e-03	1.831000e-01	5.700000e-04	4.060000e-02	1.090000e-02	7.701000e-01	6.290000e-02	-2.000000e-06	2.166500e-03	1.841000e-04	1.323600e-03
4.000000e-03	2.000000e-01	6.460000e-04	4.570000e-02	1.160000e-02	7.635000e-01	6.690000e-02	1.400000e-05	2.821300e-03	2.260000e-04	1.665600e-03
6.666700e-03	2.127000e-01	1.760000e-04	6.510000e-02	1.780000e-02	6.793000e-01	7.530000e-02	2.000000e-04	3.043800e-03	2.559000e-04	3.415800e-03
9.333300e-03	2.081000e-01	3.214000e-03	7.050000e-02	2.700000e-02	6.186000e-01	6.580000e-02	4.000000e-04	2.748800e-03	2.754500e-04	4.273200e-03
1.330000e-02	1.745000e-01	4.679000e-03	7.170000e-02	2.810000e-02	5.655000e-01	5.270000e-02	6.000000e-04	2.587800e-03	2.481800e-04	4.450600e-03
2.000000e-02	1.308000e-01	4.733000e-03	6.810000e-02	3.060000e-02	5.270000e-01	3.270000e-02	9.730000e-04	1.962300e-03	1.759300e-04	4.177000e-03
2.670000e-02	9.180000e-02	3.824000e-03	6.240000e-02	3.230000e-02	5.171000e-01	2.560000e-02	1.055000e-03	8.570500e-04	1.269300e-04	3.699200e-03
3.330000e-02	6.200000e-02	3.218000e-03	5.600000e-02	3.430000e-02	5.098000e-01	1.860000e-02	1.087000e-03	2.512800e-04	7.037500e-05	3.233200e-03
4.000000e-02	3.740000e-02	-2.661000e-03	4.430000e-02	2.980000e-02	5.045000e-01	1.720000e-02	8.000000e-04	-8.487500e-05	8.925000e-06	2.138300e-03
5.330000e-02	1.300000e-02	-2.468000e-03	3.710000e-02	2.630000e-02	5.149000e-01	1.670000e-02	5.000000e-04	-1.676500e-04	-1.742500e-05	1.547100e-03
6.670000e-02	2.871000e-03	-3.253000e-03	2.300000e-02	2.080000e-02	5.175000e-01	1.310000e-02	3.000000e-04	-5.215000e-05	-3.865000e-05	3.311300e-04
8.000000e-02	2.147000e-03	-3.651000e-03	1.650000e-02	1.060000e-02	5.313000e-01	9.130200e-03	3.800000e-05	-4.712500e-06	-5.467500e-05	2.886200e-04
1.067000e-01	2.630000e-04	-3.323000e-03	1.080000e-02	8.385000e-03	5.375000e-01	7.878900e-03	-1.100000e-05	2.327000e-05	-1.455000e-05	1.406000e-04
1.333000e-01	3.728000e-04	-2.360000e-03	9.879000e-03	7.303000e-03	5.400000e-01	5.379100e-03	-1.000000e-06	1.990000e-06	-1.275000e-06	1.132000e-04
1.600000e-01	3.720000e-04	-1.645000e-03	7.775000e-03	6.649000e-03	5.236000e-01	3.357500e-03	3.000000e-06	-1.557500e-06	-8.500000e-07	7.849500e-05
2.000000e-01	3.970000e-04	-1.138000e-03	7.749000e-03	4.905000e-03	5.270000e-01	3.033400e-03	1.300000e-06	4.995000e-06	-9.000000e-07	6.308000e-05
2.800000e-01	2.790000e-04	-1.286000e-03	7.441000e-03	4.049000e-03	5.277000e-01	2.903500e-03	1.600000e-06	1.093300e-06	-2.250000e-07	5.382200e-05
3.200000e-01	1.720000e-04	-9.780000e-04	7.179000e-03	4.155000e-03	5.308000e-01	3.238900e-03	2.000000e-06	-1.541300e-06	1.700000e-06	5.160200e-05
3.600000e-01	1.110000e-04	-5.840000e-04	6.500000e-03	4.347000e-03	5.280000e-01	3.198000e-03	1.000000e-06	-2.299300e-06	-6.250000e-07	4.586000e-05
4.000000e-01	1.810000e-04	5.100000e-04	6.153000e-03	3.916000e-03	5.217000e-01	2.887400e-03	-1.000000e-06	-2.125700e-07	-2.000000e-07	3.989600e-05
4.400000e-01	-1.270000e-04	6.380000e-04	5.453000e-03	4.015000e-03	5.200000e-01	2.920300e-03	-2.000000e-06	-3.480000e-07	1.000000e-07	3.439200e-05
5.000000e-01	-6.900000e-05	5.790000e-04	5.029000e-03	5.159000e-03	5.174000e-01	3.188100e-03	1.100000e-06	8.725000e-07	1.032500e-06	3.893000e-05
5.600000e-01	-4.870000e-04	1.066000e-03	4.440000e-03	5.004000e-03	5.188000e-01	3.100700e-03	-2.800000e-06	1.475000e-05	1.125000e-06	3.356500e-05
6.000000e-01	-1.810000e-04	1.785000e-03	4.420000e-03	4.125000e-03	5.154000e-01	4.833700e-03	-2.000000e-06	-2.350000e-06	1.150000e-06	2.741400e-05
6.400000e-01	-6.060000e-04	2.146000e-03	4.517000e-03	4.135000e-03	5.165000e-01	4.035200e-03	-2.000000e-06	5.000000e-07	-4.250000e-07	2.812600e-05
6.800000e-01	-4.940000e-04	2.367000e-03	4.418000e-03	3.452000e-03	5.190000e-01	3.043000e-03	-3.000000e-06	7.125000e-06	2.000000e-07	2.357600e-05
7.200000e-01	-4.990000e-04	2.485000e-03	4.854000e-03	3.329000e-03	5.202000e-01	3.339100e-03	-2.000000e-06	6.550000e-07	-7.500000e-08	2.598300e-05
7.600000e-01	-4.580000e-04	2.583000e-03	4.706000e-03	3.452000e-03	5.160000e-01	4.324600e-03	-1.000000e-06	6.350000e-06	-9.325000e-06	2.554700e-05
8.400000e-01	-2.490000e-04	3.183000e-03	4.947000e-03	4.091000e-03	5.138000e-01	5.010100e-03	-1.000000e-06	-5.350000e-06	-3.675000e-06	3.090700e-05
8.667000e-01	-3.170000e-04	3.313000e-03	5.119000e-03	4.373000e-03	5.079000e-01	6.562700e-03	-6.000000e-07	3.525000e-06	-3.900000e-06	3.399500e-05
8.933000e-01	1.260000e-03	2.993000e-03	8.074000e-03	6.659000e-03	5.076000e-01	5.837900e-03	-2.700000e-05	-3.925000e-06	-1.245000e-05	8.214900e-05
9.200000e-01	4.408000e-03	2.837000e-03	1.560000e-02	1.510000e-02	5.061000e-01	7.705400e-03	3.500000e-05	-3.752500e-05	-3.642500e-05	3.521000e-04
9.333000e-01	2.742000e-03	1.995000e-03	2.450000e-02	1.560000e-02	5.151000e-01	1.150000e-02	1.000000e-05	-6.545000e-05	3.777500e-05	6.335700e-04
9.467000e-01	-1.080000e-02	1.328000e-03	3.520000e-02	2.230000e-02	5.257000e-01	1.470000e-02	3.570000e-04	-8.390000e-05	6.725000e-05	1.299700e-03
9.600000e-01	-4.030000e-02	-2.262000e-03	4.650000e-02	2.540000e-02	5.198000e-01	1.660000e-02	5.960000e-04	-9.910000e-05	7.072500e-05	2.103000e-03
9.667000e-01	-6.840000e-02	-4.380000e-03	5.590000e-02	2.860000e-02	5.313000e-01	1.660000e-02	8.700000e-04	3.502000e-04	8.075000e-05	2.960000e-03
9.733000e-01	-9.160000e-02	-5.300000e-03	6.390000e-02	3.100000e-02	5.199000e-01	2.480000e-02	9.930000e-04	5.880800e-04	1.371300e-04	3.784400e-03
9.867000e-01	-1.828000e-01	-4.990000e-03	6.520000e-02	2.240000e-02	4.556000e-01	5.500000e-02	6.470000e-04	2.029800e-03	2.409800e-04	3.566500e-03
9.907000e-01	-2.185000e-01	-4.662000e-03	6.590000e-02	1.830000e-02	3.834000e-01	7.030000e-02	-3.300000e-04	2.741400e-03	1.524800e-04	3.507900e-03
9.960000e-01	-1.884000e-01	-1.592000e-03	4.290000e-02	1.060000e-02	2.434000e-01	5.720000e-02	1.000000e-06	1.947800e-03	7.095000e-05	1.467300e-03
9.967000e-01	-1.736000e-01	-1.405000e-03	3.820000e-02	8.606000e-03	2.136000e-01	4.650000e-02	-4.000000e-06	8.202300e-04	5.862500e-05	1.151100e-03
9.970000e-01	-1.604000e-01	-1.456000e-03	3.550000e-02	7.436000e-03	2.050000e-01	4.230000e-02	-6.000000e-06	5.015800e-04	3.642500e-05	9.858600e-04
9.973000e-01	-1.488000e-01	-8.650000e-04	3.260000e-02	6.620000e-03	1.865000e-01	3.610000e-02	-2.300000e-05	4.146500e-04	3.430000e-05	8.319000e-04
9.977000e-01	-1.268000e-01	-6.850000e-04	3.090000e-02	5.821000e-03	1.608000e-01	3.080000e-02	-1.400000e-05	3.771500e-04	3.085000e-05	7.413800e-04
9.980000e-01	-1.056000e-01	-5.100000e-04	2.770000e-02	5.032000e-03	1.324000e-01	2.970000e-02	-6.000000e-06	2.748500e-04	1.662500e-05	5.959100e-04
9.983000e-01	-8.350000e-02	-4.390000e-04	2.300000e-02	4.778000e-03	1.183000e-01	2.300000e-02	-2.000000e-06	1.304000e-04	1.575000e-05	4.147000e-04
9.987000e-01	-5.880000e-02	-3.970000e-04	2.110000e-02	4.041000e-03	9.350000e-02	1.710000e-02	-1.000000e-06	3.630000e-05	1.400000e-05	3.455500e-04
9.990000e-01	-3.140000e-02	-1.910000e-04	1.580000e-02	3.328000e-03	7.770000e-02	1.740000e-02	-1.000000e-06	-9.975000e-06	1.150000e-05	1.959200e-04
9.993000e-01	-3.389000e-03	-2.200000e-05	1.010000e-02	2.785000e-03	6.570000e-02	1.150000e-02	-1.000000e-06	-9.525000e-06	1.020000e-05	8.234000e-05
9.997000e-01	-4.120000e-04	-1.200000e-05	8.101000e-03	7.850000e-04	3.090000e-02	1.050000e-02	-1.000000e-06	-9.475000e-06	8.025000e-06	4.968200e-05
1.000000e+00	0.000000e+00	0.000000e+00	0.000000e+00	0.000000e+00	0.000000e+00	0.000000e+00	0.000000e+00	0.000000e+00	0.000000e+00	0.000000e+00
