# S_hi_c_seed100: in-pass monitor series, written by write_monitor_tsv.py
# every sample in the final 400-iteration window (the window the
# convergence verdict is taken on) plus the history every 500 iterations
# S = least-squares d(theta)/d(y/H) over the five mid-width probes at
#     y/H = (0.3, 0.4, 0.5, 0.6, 0.7), theta = (T - T_cold)/dT, dT = 39.9 K
iteration	hotWall_int_snGradT	S	Uy_max_m_per_s	in_final_window
500	7.062843788e+01	0.249941342	2.340726125e-01	no
1000	6.514187683e+01	0.242925539	2.610386242e-01	no
1500	6.487048794e+01	0.242174688	2.613115821e-01	no
2000	6.485673051e+01	0.242216427	2.612108266e-01	no
2500	6.485047003e+01	0.242282899	2.612516023e-01	no
3000	6.485309558e+01	0.242279806	2.612402962e-01	no
3500	6.485403042e+01	0.242296963	2.612366446e-01	no
4000	6.485508518e+01	0.242304960	2.612338574e-01	no
4500	6.485650120e+01	0.242310641	2.612334161e-01	no
5000	6.485826692e+01	0.242310984	2.612364144e-01	no
5500	6.486029748e+01	0.242304936	2.612430466e-01	no
6000	6.486245797e+01	0.242291708	2.612534467e-01	no
6500	6.486456866e+01	0.242271014	2.612676182e-01	no
7000	6.486641479e+01	0.242243252	2.612849643e-01	no
7500	6.486776186e+01	0.242209447	2.613046030e-01	no
8000	6.486837421e+01	0.242171438	2.613251216e-01	no
8500	6.486803083e+01	0.242131907	2.613446819e-01	no
9000	6.486659919e+01	0.242093804	2.613616924e-01	no
9500	6.486391463e+01	0.242060673	2.613737421e-01	no
10000	6.485999930e+01	0.242035694	2.613788153e-01	no
10500	6.485877393e+01	0.242260523	2.613067966e-01	no
11000	6.485779804e+01	0.242262968	2.612676080e-01	no
11500	6.486541689e+01	0.242106003	2.613510085e-01	no
12000	6.486388887e+01	0.242082167	2.613634201e-01	no
12500	6.486085294e+01	0.242057990	2.613694515e-01	no
13000	6.485646010e+01	0.242044362	2.613680022e-01	no
13500	6.485785674e+01	0.242199100	2.613077010e-01	no
14000	6.485090651e+01	0.242234864	2.612645990e-01	no
14500	6.484923340e+01	0.242252587	2.612495785e-01	no
15000	6.484827224e+01	0.242281869	2.612334565e-01	no
15500	6.484803066e+01	0.242312496	2.612176684e-01	no
16000	6.484860803e+01	0.242343292	2.612030872e-01	no
16500	6.485011405e+01	0.242371382	2.611915894e-01	no
17000	6.485260907e+01	0.242393415	2.611848542e-01	no
17500	6.485604221e+01	0.242406640	2.611842803e-01	no
18000	6.486042227e+01	0.242407381	2.611913729e-01	no
18500	6.486527929e+01	0.242335861	2.612542287e-01	no
19000	6.485684886e+01	0.242239616	2.612305850e-01	no
19500	6.487196750e+01	0.242160472	2.613287673e-01	no
20000	6.486842268e+01	0.242142646	2.613414539e-01	no
20500	6.486666915e+01	0.242103755	2.613568959e-01	no
21000	6.486418112e+01	0.242070870	2.613688874e-01	no
21500	6.486053233e+01	0.242046249	2.613744620e-01	no
22000	6.485692957e+01	0.242250212	2.612488733e-01	no
22500	6.485916848e+01	0.242259544	2.612575998e-01	no
23000	6.485260007e+01	0.242279880	2.612384874e-01	no
23500	6.485866333e+01	0.242255133	2.612704771e-01	no
24000	6.485996440e+01	0.242246097	2.612716171e-01	no
24500	6.486042247e+01	0.242236036	2.612787638e-01	no
25000	6.486066870e+01	0.242222684	2.612852045e-01	no
25500	6.486063262e+01	0.242210070	2.612916581e-01	no
26000	6.486024167e+01	0.242197555	2.612973555e-01	no
26500	6.485945388e+01	0.242186689	2.613014816e-01	no
27000	6.485825865e+01	0.242178908	2.613033174e-01	no
27500	6.485668213e+01	0.242175615	2.613021574e-01	no
28000	6.485479108e+01	0.242178068	2.612974503e-01	no
28500	6.485269500e+01	0.242187339	2.612890055e-01	no
29000	6.485054903e+01	0.242204027	2.612767761e-01	no
29500	6.484854818e+01	0.242228165	2.612610488e-01	no
30000	6.484691391e+01	0.242258979	2.612426079e-01	no
30500	6.484587808e+01	0.242295071	2.612226211e-01	no
31000	6.484567104e+01	0.242334036	2.612026155e-01	no
31500	6.484647188e+01	0.242373050	2.611843780e-01	no
32000	6.484843029e+01	0.242409095	2.611696935e-01	no
32500	6.485162902e+01	0.242438597	2.611604280e-01	no
33000	6.485948143e+01	0.242305754	2.613141644e-01	no
33500	6.485530971e+01	0.242243292	2.612627404e-01	no
34000	6.485964274e+01	0.242226343	2.612710521e-01	no
34500	6.486051499e+01	0.242227072	2.612823773e-01	no
35000	6.486084362e+01	0.242213724	2.612899985e-01	no
35500	6.486065101e+01	0.242200560	2.612965428e-01	no
36000	6.486001492e+01	0.242188143	2.613017534e-01	no
36500	6.485894055e+01	0.242178273	2.613048497e-01	no
37000	6.485744356e+01	0.242172529	2.613051091e-01	no
37500	6.485557718e+01	0.242172305	2.613018228e-01	no
38000	6.485343713e+01	0.242178805	2.612946426e-01	no
38500	6.485116729e+01	0.242192982	2.612834627e-01	no
39000	6.484895459e+01	0.242215112	2.612683477e-01	no
39500	6.484702428e+01	0.242244740	2.612499582e-01	no
40000	6.484561793e+01	0.242280775	2.612293558e-01	no
40500	6.484498421e+01	0.242321029	2.612079726e-01	no
41000	6.484532711e+01	0.242362826	2.611875354e-01	no
41500	6.484682701e+01	0.242403236	2.611697882e-01	no
42000	6.484960014e+01	0.242438706	2.611567430e-01	no
42500	6.485885635e+01	0.242289409	2.612572865e-01	no
43000	6.484920654e+01	0.242134756	2.612959440e-01	no
43500	6.484602574e+01	0.242177959	2.612794964e-01	no
44000	6.484330152e+01	0.242219995	2.612552214e-01	no
44500	6.484068265e+01	0.242270617	2.612255742e-01	no
45000	6.485485080e+01	0.242226516	2.612053473e-01	no
45500	6.485643250e+01	0.242262881	2.612483824e-01	no
46000	6.485623317e+01	0.242233360	2.611978404e-01	no
46500	6.486624163e+01	0.242334369	2.612409853e-01	no
47000	6.486942382e+01	0.242295687	2.612641324e-01	no
47500	6.487228981e+01	0.242250485	2.612914311e-01	no
48000	6.487483734e+01	0.242194084	2.613246828e-01	no
48500	6.485511720e+01	0.242241491	2.612670733e-01	no
49000	6.485510593e+01	0.242234023	2.612679033e-01	no
49500	6.485476548e+01	0.242244048	2.612639678e-01	no
50000	6.485446396e+01	0.242251914	2.612596104e-01	no
50500	6.485433238e+01	0.242261040	2.612547396e-01	no
51000	6.485442954e+01	0.242270384	2.612502148e-01	no
51500	6.485479488e+01	0.242279109	2.612464256e-01	no
52000	6.485545199e+01	0.242286329	2.612439094e-01	no
52500	6.485640144e+01	0.242291024	2.612432066e-01	no
53000	6.485761569e+01	0.242292184	2.612447798e-01	no
53500	6.485903830e+01	0.242288917	2.612489567e-01	no
54000	6.486057766e+01	0.242280555	2.612558775e-01	no
54500	6.486211209e+01	0.242266812	2.612654535e-01	no
55000	6.486349125e+01	0.242247881	2.612774562e-01	no
55500	6.486454819e+01	0.242224486	2.612912198e-01	no
56000	6.486511219e+01	0.242197773	2.613058709e-01	no
56500	6.486502384e+01	0.242169496	2.613201623e-01	no
57000	6.486414841e+01	0.242142047	2.613325931e-01	no
57500	6.486239872e+01	0.242118346	2.613415951e-01	no
58000	6.485975014e+01	0.242101337	2.613455615e-01	no
58500	6.485628222e+01	0.242093636	2.613430836e-01	no
59000	6.485206871e+01	0.242098134	2.613329957e-01	no
59500	6.484730967e+01	0.242117201	2.613143176e-01	no
60000	6.485792792e+01	0.242203915	2.612820695e-01	no
60500	6.486198678e+01	0.242119636	2.613318755e-01	no
61000	6.486038141e+01	0.242113386	2.613398836e-01	no
61500	6.485769302e+01	0.242104258	2.613403693e-01	no
62000	6.485408945e+01	0.242103634	2.613339826e-01	no
62500	6.484983062e+01	0.242115991	2.613198388e-01	no
63000	6.484521635e+01	0.242143023	2.612973921e-01	no
63500	6.485717968e+01	0.242202258	2.612431032e-01	no
64000	6.484547536e+01	0.242182017	2.612859202e-01	no
64500	6.484249674e+01	0.242211925	2.612568092e-01	no
65000	6.483985161e+01	0.242267581	2.612253958e-01	no
65500	6.485949817e+01	0.242225482	2.612601256e-01	no
66000	6.486122746e+01	0.242203453	2.612961905e-01	no
66500	6.486016885e+01	0.242190477	2.613005639e-01	no
67000	6.485920314e+01	0.242180718	2.613040335e-01	no
67500	6.485781954e+01	0.242173963	2.613050683e-01	no
68000	6.485604685e+01	0.242172316	2.613026713e-01	no
68500	6.485397531e+01	0.242177138	2.612964528e-01	no
69000	6.485173754e+01	0.242189383	2.612862864e-01	no
69500	6.484950915e+01	0.242209519	2.612721545e-01	no
70000	6.484750760e+01	0.242237274	2.612545920e-01	no
70500	6.484596891e+01	0.242271708	2.612345324e-01	no
71000	6.484514061e+01	0.242310914	2.612133460e-01	no
71500	6.484524377e+01	0.242352278	2.611926770e-01	no
72000	6.484644451e+01	0.242393023	2.611742579e-01	no
72500	6.484892453e+01	0.242429458	2.611603343e-01	no
73000	6.485546209e+01	0.242308453	2.613500901e-01	no
73500	6.487609028e+01	0.242234096	2.613045408e-01	no
74000	6.487537044e+01	0.242171989	2.613375524e-01	no
74500	6.485506725e+01	0.242248651	2.612206570e-01	no
75000	6.484332662e+01	0.242204181	2.612658601e-01	no
75500	6.484255345e+01	0.242252111	2.612344852e-01	no
76000	6.484139397e+01	0.242306118	2.612094373e-01	no
76500	6.484071337e+01	0.242361927	2.611801191e-01	no
77000	6.485913022e+01	0.242226239	2.612967828e-01	no
77500	6.485137198e+01	0.242109165	2.613244701e-01	no
78000	6.484712243e+01	0.242136081	2.613046357e-01	no
78500	6.484304849e+01	0.242172475	2.612779805e-01	no
79000	6.485864773e+01	0.242211614	2.612259526e-01	no
79500	6.485740798e+01	0.242200309	2.613034761e-01	no
80000	6.485208171e+01	0.242217079	2.612803429e-01	no
80500	6.485009713e+01	0.242227931	2.612636014e-01	no
81000	6.484860766e+01	0.242254297	2.612480120e-01	no
81500	6.484766673e+01	0.242284275	2.612312709e-01	no
82000	6.484742343e+01	0.242317001	2.612142781e-01	no
82500	6.484803852e+01	0.242349906	2.611987647e-01	no
83000	6.484964188e+01	0.242379897	2.611864688e-01	no
83500	6.485227108e+01	0.242403660	2.611791363e-01	no
84000	6.485596474e+01	0.242418304	2.611782686e-01	no
84500	6.486061656e+01	0.242421159	2.611854940e-01	no
85000	6.485712685e+01	0.242217306	2.612758659e-01	no
85500	6.485001491e+01	0.242307540	2.612176943e-01	no
86000	6.485149960e+01	0.242337592	2.612111781e-01	no
86500	6.485330730e+01	0.242353126	2.612061227e-01	no
87000	6.485579566e+01	0.242364684	2.612049028e-01	no
87500	6.485894083e+01	0.242366225	2.612095780e-01	no
88000	6.486258663e+01	0.242356559	2.612207214e-01	no
88500	6.486654584e+01	0.242334496	2.612387515e-01	no
89000	6.487054070e+01	0.242298436	2.612640191e-01	no
89500	6.487424722e+01	0.242248017	2.612962448e-01	no
90000	6.486299204e+01	0.242217917	2.613233091e-01	no
90500	6.485898792e+01	0.242184627	2.613039388e-01	no
91000	6.485710646e+01	0.242181114	2.612997762e-01	no
91500	6.485531866e+01	0.242182698	2.612961964e-01	no
92000	6.485339214e+01	0.242189758	2.612889750e-01	no
92500	6.485140868e+01	0.242203959	2.612783402e-01	no
93000	6.484952886e+01	0.242224996	2.612643943e-01	no
93500	6.484794957e+01	0.242252345	2.612478132e-01	no
94000	6.484688405e+01	0.242284797	2.612295738e-01	no
94500	6.484654478e+01	0.242320367	2.612110431e-01	no
95000	6.484712392e+01	0.242356360	2.611939046e-01	no
95500	6.484874928e+01	0.242389626	2.611800076e-01	no
96000	6.485150729e+01	0.242417243	2.611710270e-01	no
96500	6.485541677e+01	0.242435536	2.611687381e-01	no
97000	6.486027366e+01	0.242318724	2.612579472e-01	no
97500	6.485911328e+01	0.242253158	2.612737702e-01	no
98000	6.485853521e+01	0.242245973	2.612690541e-01	no
98500	6.485869948e+01	0.242241789	2.612721660e-01	no
99000	6.485888341e+01	0.242235418	2.612756703e-01	no
99500	6.485893200e+01	0.242228471	2.612793076e-01	no
100000	6.485878920e+01	0.242221455	2.612826041e-01	no
100500	6.485843685e+01	0.242215270	2.612851312e-01	no
101000	6.485786707e+01	0.242210519	2.612865182e-01	no
101500	6.485708752e+01	0.242207952	2.612864190e-01	no
102000	6.485612980e+01	0.242208312	2.612845408e-01	no
102500	6.485504417e+01	0.242212130	2.612806614e-01	no
103000	6.485390692e+01	0.242219792	2.612747538e-01	no
103500	6.485281366e+01	0.242231468	2.612669805e-01	no
104000	6.485188196e+01	0.242246846	2.612576033e-01	no
104500	6.485123403e+01	0.242265198	2.612472071e-01	no
105000	6.485099320e+01	0.242285460	2.612365308e-01	no
105500	6.485127143e+01	0.242306171	2.612265456e-01	no
106000	6.485215474e+01	0.242325427	2.612183375e-01	no
106500	6.485369159e+01	0.242341141	2.612130960e-01	no
107000	6.485588047e+01	0.242350941	2.612119759e-01	no
107500	6.485865755e+01	0.242352572	2.612159956e-01	no
108000	6.486188917e+01	0.242344153	2.612258172e-01	no
108500	6.486536290e+01	0.242324278	2.612418264e-01	no
109000	6.486883085e+01	0.242292932	2.612638876e-01	no
109500	6.487199516e+01	0.242249009	2.612916629e-01	no
110000	6.487448701e+01	0.242193628	2.613243433e-01	no
110500	6.485708890e+01	0.242234226	2.612997696e-01	no
111000	6.485806131e+01	0.242240428	2.612847129e-01	no
111500	6.485510125e+01	0.242235635	2.612705488e-01	no
112000	6.485441833e+01	0.242243628	2.612638997e-01	no
112500	6.485396648e+01	0.242252680	2.612583220e-01	no
113000	6.485376438e+01	0.242263554	2.612524933e-01	no
113500	6.485384189e+01	0.242274836	2.612469255e-01	no
114000	6.485424241e+01	0.242285565	2.612421807e-01	no
114500	6.485499427e+01	0.242294621	2.612389033e-01	no
115000	6.485610236e+01	0.242300767	2.612377394e-01	no
115500	6.485753791e+01	0.242302770	2.612392733e-01	no
116000	6.485923793e+01	0.242299541	2.612439261e-01	no
116500	6.486109665e+01	0.242290251	2.612518662e-01	no
117000	6.486297046e+01	0.242274441	2.612630828e-01	no
117500	6.486468233e+01	0.242252298	2.612773134e-01	no
118000	6.486603122e+01	0.242224544	2.612938180e-01	no
118500	6.486680752e+01	0.242192505	2.613115809e-01	no
119000	6.486681711e+01	0.242158223	2.613291127e-01	no
119500	6.486588895e+01	0.242124552	2.613446309e-01	no
120000	6.486390602e+01	0.242094940	2.613562712e-01	no
120500	6.486086877e+01	0.242071879	2.613624941e-01	no
121000	6.485673472e+01	0.242059656	2.613610480e-01	no
121500	6.485159350e+01	0.242116357	2.612787076e-01	no
122000	6.485613032e+01	0.242156082	2.613023301e-01	no
122500	6.485409765e+01	0.242174450	2.612975240e-01	no
123000	6.485181031e+01	0.242185954	2.612885748e-01	no
123500	6.484949679e+01	0.242205285	2.612741379e-01	no
124000	6.484738579e+01	0.242233430	2.612563310e-01	no
124500	6.484572344e+01	0.242268335	2.612357947e-01	no
125000	6.484476774e+01	0.242308522	2.612138949e-01	no
125500	6.484474054e+01	0.242351369	2.611922645e-01	no
126000	6.484583655e+01	0.242394083	2.611726547e-01	no
126500	6.484820304e+01	0.242433114	2.611571350e-01	no
127000	6.485883834e+01	0.242272486	2.612611031e-01	no
127500	6.486748257e+01	0.242238223	2.613212058e-01	no
128000	6.486501246e+01	0.242189058	2.613100898e-01	no
128500	6.486400915e+01	0.242167490	2.613199057e-01	no
129000	6.486278655e+01	0.242143045	2.613296615e-01	no
129500	6.486084912e+01	0.242124356	2.613357207e-01	no
130000	6.485814189e+01	0.242112830	2.613367930e-01	no
130500	6.485473936e+01	0.242111103	2.613314973e-01	no
131000	6.485081123e+01	0.242121109	2.613190751e-01	no
131500	6.484651410e+01	0.242145260	2.612988757e-01	no
132000	6.484212168e+01	0.242183999	2.612709921e-01	no
132500	6.485916355e+01	0.242233696	2.613055103e-01	no
133000	6.485633028e+01	0.242242649	2.612758244e-01	no
133500	6.485229773e+01	0.242288167	2.612347961e-01	no
134000	6.485471961e+01	0.242281137	2.612422837e-01	no
134500	6.485584242e+01	0.242290528	2.612421980e-01	no
135000	6.485703831e+01	0.242293609	2.612431047e-01	no
135500	6.485842843e+01	0.242292261	2.612461598e-01	no
136000	6.485997581e+01	0.242286085	2.612520443e-01	no
136500	6.486157423e+01	0.242274385	2.612606975e-01	no
137000	6.486308304e+01	0.242257200	2.612720161e-01	no
137500	6.486433809e+01	0.242235040	2.612854723e-01	no
138000	6.486516341e+01	0.242208880	2.613002752e-01	no
138500	6.486538632e+01	0.242180239	2.613153211e-01	no
139000	6.486485627e+01	0.242151280	2.613291484e-01	no
139500	6.486346000e+01	0.242124822	2.613401677e-01	no
139600	6.486791152e+01	0.242242399	2.612880032e-01	yes
139650	6.486444508e+01	0.242316302	2.612443384e-01	yes
139700	6.485826491e+01	0.242366182	2.612084225e-01	yes
139750	6.485152081e+01	0.242373705	2.611928861e-01	yes
139800	6.484658956e+01	0.242335349	2.612035632e-01	yes
139850	6.484522857e+01	0.242263789	2.612372034e-01	yes
139900	6.484798033e+01	0.242183283	2.612826252e-01	yes
139950	6.485396131e+01	0.242122665	2.613241957e-01	yes
140000	6.486113950e+01	0.242103918	2.613467317e-01	yes
