xc,cp
-2.025421428571428706e+00,-1.750348021153432243e-01
-2.024669047619047646e+00,3.776727554591605140e-02
-2.022795238095238091e+00,1.256611204244706681e-01
-2.019797619047619008e+00,-1.607720263590842538e-02
-2.016797619047619339e+00,-1.007559534552103161e-02
-2.013797619047619225e+00,3.193266579728517521e-03
-2.010797619047619111e+00,1.825372699775213814e-04
-2.007800000000000029e+00,-9.014453904148735661e-04
-2.004799999999999915e+00,-4.745584055050264542e-04
-2.001802380952380833e+00,-3.194177662060283199e-04
-1.998804761904761973e+00,-2.123206797222003731e-04
-1.995804761904762081e+00,8.544925699685534373e-05
-1.992807142857142999e+00,3.922273598687591790e-04
-1.989807142857142885e+00,6.938341080973571811e-04
-1.986807142857142772e+00,8.494752010715180858e-04
-1.983809523809523911e+00,9.737545304024415463e-04
-1.980809523809524020e+00,9.891017764406223427e-04
-1.977811904761904938e+00,1.030305795695308927e-03
-1.974811904761904824e+00,1.011622191822736730e-03
-1.971811904761904932e+00,1.032974881962812333e-03
-1.968814285714285850e+00,1.075847080134688600e-03
-1.965816666666666768e+00,1.069508000249355705e-03
-1.962816666666666654e+00,1.104206121726984549e-03
-1.959816666666666762e+00,1.101870671242919123e-03
-1.956816666666666871e+00,1.140238786338365314e-03
-1.953819047619047788e+00,1.151248767191840987e-03
-1.950821428571428706e+00,1.175103725707707077e-03
-1.947821428571428592e+00,1.156086486051708826e-03
-1.944823809523809732e+00,1.174436454140831117e-03
-1.941823809523809619e+00,1.152082856650441791e-03
-1.938823809523809505e+00,1.113547923663270756e-03
-1.935826190476190423e+00,1.065337552956375534e-03
-1.932826190476190531e+00,1.036644875580641605e-03
-1.929828571428571671e+00,1.020630357975584740e-03
-1.926828571428571557e+00,9.896022301157851673e-04
-1.923830952380952475e+00,9.549041086381563227e-04
-1.920830952380952583e+00,9.290473354216625696e-04
-1.917833333333333501e+00,9.263782491541472375e-04
-1.914833333333333387e+00,9.001878401542036867e-04
-1.911833333333333274e+00,8.698269838612799655e-04
-1.908835714285714191e+00,8.366302234091277769e-04
-1.905835714285714522e+00,8.042675524155763929e-04
-1.902838095238095439e+00,7.685685235876337168e-04
-1.899838095238095326e+00,7.303672263839005533e-04
-1.896840476190476243e+00,6.995059164158140075e-04
-1.893840476190476352e+00,6.813227662184047437e-04
-1.890840476190476238e+00,6.514623636006438472e-04
-1.887840476190476124e+00,6.337796670783854818e-04
-1.884842857142857042e+00,6.049201718109384167e-04
-1.881842857142857373e+00,6.020842676517100577e-04
-1.878845238095238290e+00,5.677197819575190846e-04
-1.875847619047619208e+00,5.450325486836917789e-04
-1.872847619047619094e+00,5.091667019640241498e-04
-1.869850000000000012e+00,4.743017625946822783e-04
-1.866850000000000120e+00,4.411050021425301439e-04
-1.863850000000000007e+00,4.187514046521406555e-04
-1.860852380952380924e+00,3.872228231171782041e-04
-1.857852380952381033e+00,3.628674109261492350e-04
-1.854854761904761951e+00,3.376779092765313877e-04
-1.851854761904762059e+00,3.051484203912551048e-04
-1.848857142857142977e+00,2.807930082002261358e-04
-1.845857142857142863e+00,2.380876279200748490e-04
-1.842857142857142971e+00,2.170685735634371720e-04
-1.839857142857142858e+00,1.942145223978848591e-04
-1.836859523809523775e+00,1.740295574998361146e-04
-1.833859523809523884e+00,1.525100494680355588e-04
-1.830861904761904801e+00,1.324919024617117133e-04
-1.827864285714285941e+00,1.208146500413600669e-04
-1.824864285714285828e+00,1.014637746019120729e-04
-1.821866666666666745e+00,1.009633209267610932e-04
-1.818866666666666854e+00,8.161244548731309909e-05
-1.815866666666666740e+00,8.044472024527438234e-05
-1.812869047619047658e+00,6.009293745551257040e-05
-1.809869047619047544e+00,6.192793426442716573e-05
-1.806871428571428462e+00,4.274387671670407731e-05
-1.803871428571428792e+00,4.808204925172298477e-05
-1.800873809523809710e+00,2.856435592055010198e-05
-1.797873809523809596e+00,3.140026007979037704e-05
-1.794876190476190514e+00,1.271665620721827341e-05
-1.791876190476190622e+00,8.379391022513188908e-06
-1.788876190476190509e+00,-1.013739495833402093e-05
-1.785876190476190395e+00,-2.398327997103820528e-05
-1.782878571428571313e+00,-4.350097330221109146e-05
-1.779878571428571643e+00,-6.835683916839103340e-05
-1.776880952380952561e+00,-8.687362514923823646e-05
-1.773883333333333479e+00,-1.224058360854678586e-04
-1.770883333333333365e+00,-1.409226220663150481e-04
-1.767883333333333473e+00,-1.696152994420372414e-04
-1.764885714285714391e+00,-1.869643601808575997e-04
-1.761885714285714277e+00,-2.026452420024763760e-04
-1.758888095238095195e+00,-2.199943027412848624e-04
-1.755888095238095303e+00,-2.295029225692958054e-04
-1.752890476190476443e+00,-2.468519833081042917e-04
-1.749890476190476329e+00,-2.608646862125333851e-04
-1.746892857142857247e+00,-2.775464753844659929e-04
-1.743892857142857133e+00,-2.872219131041899628e-04
-1.740892857142857242e+00,-3.030696128175336380e-04
-1.737895238095238160e+00,-3.137459578875714935e-04
-1.734895238095238046e+00,-3.312618365181048516e-04
-1.731897619047618964e+00,-3.502790761741149199e-04
-1.728897619047619294e+00,-3.677949548046364602e-04
-1.725897619047619180e+00,-3.851440155434567914e-04
-1.722900000000000098e+00,-4.029935299574281295e-04
-1.719899999999999984e+00,-4.190080475624848315e-04
-1.716902380952381124e+00,-4.373580156516189942e-04
-1.713902380952381010e+00,-4.578766163330938465e-04
-1.710904761904761928e+00,-4.755593128553521577e-04
-1.707904761904761815e+00,-4.989138176960554233e-04
-1.704907142857142732e+00,-5.164296963265888355e-04
-1.701907142857143063e+00,-5.394505653838660474e-04
-1.698909523809523980e+00,-5.574668976895503581e-04
-1.695909523809523867e+00,-5.821559456640172528e-04
-1.692909523809523975e+00,-6.008395495365893412e-04
-1.689911904761904893e+00,-6.301994984791993394e-04
-1.686911904761904779e+00,-6.470481055428449740e-04
-1.683914285714285697e+00,-6.815794091287607917e-04
-1.680914285714285583e+00,-6.979275625172554195e-04
-1.677916666666666945e+00,-7.376302207464652391e-04
-1.674916666666666831e+00,-7.529774667846460354e-04
-1.671916666666666718e+00,-7.900110387463405229e-04
-1.668919047619047635e+00,-8.046910132176454677e-04
-1.665919047619047744e+00,-8.335505084850925329e-04
-1.662919047619047630e+00,-8.477300292812346531e-04
-1.659921428571428548e+00,-8.634109111028534294e-04
-1.656921428571428656e+00,-8.775904318990073675e-04
-1.653923809523809796e+00,-8.792586108161971588e-04
-1.650926190476190714e+00,-8.942722210709399752e-04
-1.647926190476190600e+00,-8.922704063703123124e-04
-1.644926190476190486e+00,-9.062831092747295880e-04
-1.641928571428571404e+00,-9.129558249435120636e-04
-1.638928571428571512e+00,-9.264680741727783324e-04
-1.635930952380952430e+00,-9.341416971918628217e-04
-1.632930952380952316e+00,-9.474871285294160636e-04
-1.629930952380952647e+00,-9.539930263064736946e-04
-1.626933333333333564e+00,-9.676720934274529902e-04
-1.623933333333333451e+00,-9.801834353064054275e-04
-1.620935714285714369e+00,-9.940293203191214941e-04
-1.617935714285714477e+00,-1.007708387440100790e-03
-1.614938095238095395e+00,-1.021887908236254619e-03
-1.611938095238095281e+00,-1.030729256497378002e-03
-1.608940476190476199e+00,-1.044074687834919317e-03
-1.605940476190476085e+00,-1.048912406694787157e-03
-1.602940476190476415e+00,-1.062257838032328473e-03
-1.599942857142857333e+00,-1.074769179911280910e-03
-1.596942857142857219e+00,-1.088781882815710112e-03
-1.593942857142857328e+00,-1.108466394038596032e-03
-1.590945238095238246e+00,-1.122312279051300172e-03
-1.587945238095238132e+00,-1.145166330216852322e-03
-1.584947619047619050e+00,-1.158678579446118699e-03
-1.581949999999999967e+00,-1.186870803146689805e-03
-1.578950000000000298e+00,-1.200383052375967891e-03
-1.575952380952381215e+00,-1.225572554025585901e-03
-1.572952380952381102e+00,-1.238751167471414082e-03
-1.569952380952380988e+00,-1.258769314477737981e-03
-1.566952380952381096e+00,-1.271280656356690419e-03
-1.563954761904762014e+00,-1.293801071738804806e-03
-1.560957142857142932e+00,-1.306312413617757243e-03
-1.557957142857142818e+00,-1.332169186834262706e-03
-1.554957142857142927e+00,-1.345347800280091103e-03
-1.551959523809524066e+00,-1.369870030362833153e-03
-1.548959523809523953e+00,-1.382881825916948415e-03
-1.545961904761904870e+00,-1.401565429789508686e-03
-1.542961904761904757e+00,-1.414243589560185968e-03
-1.539964285714285896e+00,-1.429090381923204048e-03
-1.536964285714285783e+00,-1.441768541693881330e-03
-1.533966666666666701e+00,-1.453612612005945881e-03
-1.530966666666666587e+00,-1.465456682318022575e-03
-1.527966666666666917e+00,-1.476466663171498248e-03
-1.524969047619047835e+00,-1.488310733483574726e-03
-1.521969047619047721e+00,-1.499153896445337480e-03
-1.518971428571428639e+00,-1.510664330973975978e-03
-1.515971428571428747e+00,-1.521007040260575907e-03
-1.512971428571428634e+00,-1.532851110572652602e-03
-1.509973809523809551e+00,-1.545862906126755938e-03
-1.506976190476190469e+00,-1.557540158547107570e-03
-1.503976190476190355e+00,-1.573888311935614124e-03
-1.500978571428571717e+00,-1.585398746464240912e-03
-1.497978571428571604e+00,-1.607919161846355083e-03
-1.494978571428571490e+00,-1.618929142699830973e-03
-1.491980952380952408e+00,-1.643618190674297867e-03
-1.488980952380952516e+00,-1.653960899960897797e-03
-1.485983333333333434e+00,-1.677815858476775597e-03
-1.482983333333333320e+00,-1.687658114088212702e-03
-1.479983333333333206e+00,-1.705841264285622074e-03
-1.476985714285714568e+00,-1.714682612546745239e-03
-1.473985714285714455e+00,-1.725192139725070014e-03
-1.470985714285714341e+00,-1.733866670094480044e-03
-1.467988095238095259e+00,-1.741707111005289486e-03
-1.464988095238095367e+00,-1.749881187699536909e-03
-1.461990476190476285e+00,-1.757221174935183310e-03
-1.458992857142857202e+00,-1.765061615845992752e-03
-1.455992857142857089e+00,-1.772067967298213316e-03
-1.452995238095238006e+00,-1.779741590317297697e-03
-1.449995238095238337e+00,-1.785747034419192612e-03
-1.446995238095238223e+00,-1.793253839546564074e-03
-1.443997619047619141e+00,-1.798425194189869894e-03
-1.440997619047619027e+00,-1.805765181425516511e-03
-1.437997619047619136e+00,-1.809768810826783546e-03
-1.435000000000000053e+00,-1.817108798062430164e-03
-1.432002380952380971e+00,-1.819944702221658632e-03
-1.429002380952380857e+00,-1.827284689457316959e-03
-1.426002380952381188e+00,-1.828952868374506642e-03
-1.423004761904762105e+00,-1.836459673501878104e-03
-1.420004761904761992e+00,-1.836793309285316084e-03
-1.417004761904761878e+00,-1.844300114412687546e-03
-1.414007142857143018e+00,-1.843799660737536431e-03
-1.411007142857142904e+00,-1.851306465864907894e-03
-1.408009523809523822e+00,-1.853308280565535556e-03
-1.405011904761904740e+00,-1.860981903584631864e-03
-1.402011904761904626e+00,-1.862650082501821763e-03
-1.399011904761904956e+00,-1.870323705520906144e-03
-1.396014285714285874e+00,-1.871991884438107753e-03
-1.393014285714285760e+00,-1.879498689565479216e-03
-1.390016666666666678e+00,-1.882000957941269703e-03
-1.387016666666666787e+00,-1.889340945176916104e-03
-1.384019047619047704e+00,-1.893678210361621336e-03
-1.381019047619047591e+00,-1.901018197597267954e-03
-1.378021428571428508e+00,-1.906523188024011753e-03
-1.375021428571428839e+00,-1.913362721584507256e-03
-1.372021428571428725e+00,-1.918200440444363386e-03
-1.369023809523809643e+00,-1.924539520329707773e-03
-1.366023809523809529e+00,-1.929877692864726728e-03
-1.363023809523809637e+00,-1.935716319074896581e-03
-1.360026190476190555e+00,-1.939052676909287874e-03
-1.357026190476190441e+00,-1.944557667336019964e-03
-1.354028571428571359e+00,-1.947226753603535296e-03
-1.351028571428571690e+00,-1.952731744030279095e-03
-1.348030952380952607e+00,-1.954233105055743717e-03
-1.345030952380952494e+00,-1.959904913374200652e-03
-1.342033333333333411e+00,-1.960238549157650341e-03
-1.339033333333333298e+00,-1.965743539584382648e-03
-1.336035714285714437e+00,-1.966243993259545256e-03
-1.333035714285714324e+00,-1.971748983686277129e-03
-1.330038095238095242e+00,-1.973583980495192090e-03
-1.327038095238095128e+00,-1.979088970921935673e-03
-1.324038095238095458e+00,-1.980256696163962531e-03
-1.321040476190476376e+00,-1.985428050807268568e-03
-1.318040476190476262e+00,-1.984260325565229566e-03
-1.315042857142857180e+00,-1.989264862316810541e-03
-1.312042857142857288e+00,-1.986595776049307135e-03
-1.309045238095238206e+00,-1.991767130692601029e-03
-1.306045238095238092e+00,-1.991099859125725069e-03
-1.303047619047619010e+00,-1.996271213769031105e-03
-1.300047619047618896e+00,-1.997939392686221005e-03
-1.297047619047619227e+00,-2.003110747329514899e-03
-1.294047619047619113e+00,-2.007114376730781934e-03
-1.291050000000000031e+00,-2.012118913482362909e-03
-1.288050000000000139e+00,-2.017790721800819843e-03
-1.285052380952381057e+00,-2.022962076444125880e-03
-1.282054761904761975e+00,-2.028967520546020361e-03
-1.279054761904761861e+00,-2.034138875189326397e-03
-1.276054761904761747e+00,-2.042312951883573820e-03
-1.273057142857143109e+00,-2.047317488635154795e-03
-1.270057142857142995e+00,-2.056826108463153703e-03
-1.267059523809523913e+00,-2.061663827323009616e-03
-1.264059523809523800e+00,-2.070171539800706728e-03
-1.261061904761904717e+00,-2.074508804985412177e-03
-1.258061904761904826e+00,-2.079680159628706070e-03
-1.255064285714285743e+00,-2.083350153246535125e-03
-1.252064285714285630e+00,-2.085185150055449653e-03
-1.249064285714285960e+00,-2.088521507889829019e-03
-1.246066666666666878e+00,-2.087186964756077533e-03
-1.243066666666666764e+00,-2.090356504698743980e-03
-1.240066666666666650e+00,-2.087520600539515513e-03
-1.237069047619047568e+00,-2.090690140482181960e-03
-1.234071428571428708e+00,-2.088187872106391473e-03
-1.231071428571428594e+00,-2.091023776265619506e-03
-1.228071428571428481e+00,-2.090523322590468608e-03
-1.225073809523809398e+00,-2.093359226749697075e-03
-1.222073809523809729e+00,-2.096862402475801503e-03
-1.219076190476190646e+00,-2.099364670851591990e-03
-1.216076190476190533e+00,-2.106704658087238391e-03
-1.213078571428571450e+00,-2.108706472787877980e-03
-1.210078571428571559e+00,-2.119049182074477910e-03
-1.207080952380952477e+00,-2.120717360991667376e-03
-1.204080952380952363e+00,-2.131393706061705286e-03
-1.201080952380952249e+00,-2.132394613412019226e-03
-1.198083333333333167e+00,-2.140735507997991276e-03
-1.195083333333333497e+00,-2.141235961673154317e-03
-1.192085714285714415e+00,-2.146574134208173272e-03
-1.189085714285714301e+00,-2.146407316316448211e-03
-1.186088095238095219e+00,-2.148742766800525780e-03
-1.183088095238095327e+00,-2.147908677341924758e-03
-1.180090476190476245e+00,-2.148242313125362738e-03
-1.177090476190476132e+00,-2.147074587883324170e-03
-1.174090476190476240e+00,-2.144905955290971663e-03
-1.171090476190476348e+00,-2.142904140590343783e-03
-1.168092857142857266e+00,-2.138066421730487870e-03
-1.165092857142857152e+00,-2.135730971246410301e-03
-1.162095238095238070e+00,-2.127890530335601292e-03
-1.159095238095238178e+00,-2.125221444068085743e-03
-1.156097619047619096e+00,-2.114711916889772895e-03
-1.153097619047618982e+00,-2.111542376947106447e-03
-1.150100000000000122e+00,-2.099364670851591990e-03
-1.147100000000000009e+00,-2.096028313017200481e-03
-1.144102380952380926e+00,-2.083016517463097145e-03
-1.141102380952381035e+00,-2.079513341736993152e-03
-1.138104761904761952e+00,-2.068169725100067573e-03
-1.135104761904761839e+00,-2.064499731482250227e-03
-1.132107142857142978e+00,-2.054824293762526257e-03
-1.129107142857142865e+00,-2.051154300144696768e-03
-1.126107142857142973e+00,-2.044314766584201266e-03
-1.123107142857142859e+00,-2.040311137182934231e-03
-1.120109523809523777e+00,-2.033972057297601336e-03
-1.117111904761904917e+00,-2.029801610004621382e-03
-1.114111904761904803e+00,-2.024463437469602427e-03
-1.111114285714285721e+00,-2.019792536501459432e-03
-1.108114285714285829e+00,-2.015288453425029356e-03
-1.105114285714285716e+00,-2.010283916673448381e-03
-1.102116666666666633e+00,-2.007281194622506995e-03
-1.099116666666666742e+00,-2.001943022087488040e-03
-1.096116666666666628e+00,-2.000942114737174100e-03
-1.093119047619047768e+00,-1.995103488526992538e-03
-1.090121428571428686e+00,-1.995770760093868498e-03
-1.087121428571428572e+00,-1.989598498100248521e-03
-1.084123809523809490e+00,-1.991266677017450130e-03
-1.081123809523809598e+00,-1.984260325565229566e-03
-1.078123809523809484e+00,-1.986095322374144094e-03
-1.075123809523809593e+00,-1.978588517246772632e-03
-1.072126190476190510e+00,-1.980256696163962531e-03
-1.069126190476190619e+00,-1.972082619469715109e-03
-1.066128571428571536e+00,-1.972082619469715109e-03
-1.063130952380952454e+00,-1.963074453316878808e-03
-1.060130952380952341e+00,-1.960405367049363693e-03
-1.057130952380952449e+00,-1.950563111437926588e-03
-1.054133333333333367e+00,-1.944057213660868848e-03
-1.051133333333333253e+00,-1.933380868590831156e-03
-1.048135714285714393e+00,-1.923038159304231226e-03
-1.045135714285714279e+00,-1.911694542667317573e-03
-1.042138095238095197e+00,-1.898349111329764331e-03
-1.039138095238095305e+00,-1.886505041017687853e-03
-1.036138095238095191e+00,-1.871324612871231793e-03
-1.033140476190476331e+00,-1.858980088883992491e-03
-1.030140476190476218e+00,-1.843466024954098668e-03
-1.027142857142857135e+00,-1.830287411508270271e-03
-1.024142857142857244e+00,-1.815273801253527346e-03
-1.021145238095238161e+00,-1.801427916240811280e-03
-1.018145238095238048e+00,-1.788916574361858842e-03
-1.015147619047619187e+00,-1.774570235674003803e-03
-1.012147619047619074e+00,-1.764727980062554772e-03
-1.009149999999999991e+00,-1.749714369807811847e-03
-1.006150000000000100e+00,-1.742541200463878365e-03
-1.003149999999999986e+00,-1.726860318642259697e-03
-1.000152380952380904e+00,-1.721855781890678722e-03
-9.971523809523810122e-01,-1.705173992718746114e-03
-9.941547619047619300e-01,-1.700336273858878058e-03
-9.911547619047619273e-01,-1.682820395228356572e-03
-9.881571428571429561e-01,-1.677148586909887927e-03
-9.851571428571429534e-01,-1.658464983037327657e-03
-9.821571428571428397e-01,-1.650124088451355390e-03
-9.791595238095237574e-01,-1.630606395120194315e-03
-9.761595238095238658e-01,-1.620430503725307520e-03
-9.731619047619047835e-01,-1.600078720935545857e-03
-9.701619047619047809e-01,-1.586733289598004325e-03
-9.671642857142856986e-01,-1.565547417349641857e-03
-9.641642857142858070e-01,-1.550033353419736108e-03
-9.611642857142858043e-01,-1.527846573821071627e-03
-9.581666666666667220e-01,-1.511164784649127093e-03
-9.551666666666667194e-01,-1.487977097700136746e-03
-9.521690476190477481e-01,-1.470794854853041313e-03
-9.491690476190476344e-01,-1.446606260553737243e-03
-9.461714285714286632e-01,-1.429590835598366872e-03
-9.431714285714285495e-01,-1.404234516057024018e-03
-9.401738095238094672e-01,-1.386718637426490605e-03
-9.371738095238095756e-01,-1.360194592643109183e-03
-9.341738095238095729e-01,-1.341177352987099006e-03
-9.311761904761904907e-01,-1.313485582961690726e-03
-9.281761904761904880e-01,-1.292132892821615123e-03
-9.251761904761904853e-01,-1.262939761770718152e-03
-9.221785714285715141e-01,-1.238250713796263183e-03
-9.191809523809524318e-01,-1.207889857503339354e-03
-9.161809523809524292e-01,-1.179697633802768248e-03
-9.131833333333334579e-01,-1.148002234376080790e-03
-9.101833333333333442e-01,-1.115806381274254359e-03
-9.071833333333333416e-01,-1.082776438713815197e-03
-9.041833333333333389e-01,-1.047244227777597474e-03
-9.011857142857143677e-01,-1.012879742083406609e-03
-8.981880952380952854e-01,-9.750120806631113173e-04
-8.951880952380952827e-01,-9.393130518351687497e-04
-8.921904761904762005e-01,-8.994435757142339770e-04
-8.891904761904763088e-01,-8.624100037525395980e-04
-8.861904761904761951e-01,-8.212059844978649402e-04
-8.831928571428572239e-01,-7.828378694024069320e-04
-8.801928571428571102e-01,-7.406329427974066250e-04
-8.771952380952381390e-01,-7.009302845681969138e-04
-8.741952380952381363e-01,-6.582249042880455999e-04
-8.711976190476190540e-01,-6.173545208168089221e-04
-8.681976190476190514e-01,-5.731477795111691344e-04
-8.651976190476191597e-01,-5.306092171227309558e-04
-8.622000000000000774e-01,-4.847342968999133030e-04
-8.592000000000000748e-01,-4.408611913777233130e-04
-8.561999999999999611e-01,-3.933180922377041053e-04
-8.532023809523809899e-01,-3.476099899065995336e-04
-8.502047619047620186e-01,-2.978982581742278184e-04
-8.472047619047619049e-01,-2.506887948176465364e-04
-8.442071428571429337e-01,-1.999761557349609897e-04
-8.412071428571428200e-01,-1.512653313529149237e-04
-8.382095238095239598e-01,-9.955178491991555914e-05
-8.352095238095238461e-01,-4.933959951238098539e-05
-8.322095238095238434e-01,2.540764812331441591e-06
-8.292095238095238408e-01,5.425431124534267646e-05
-8.262119047619048695e-01,1.081364902706946027e-04
-8.232142857142857872e-01,1.616850335126085762e-04
-8.202142857142857846e-01,2.177358451303130506e-04
-8.172166666666667023e-01,2.729525672894167476e-04
-8.142166666666668107e-01,3.321729188497875881e-04
-8.112166666666666970e-01,3.892246378178058669e-04
-8.082190476190476147e-01,4.499463504036533635e-04
-8.052190476190476121e-01,5.088330661805862782e-04
-8.022190476190477204e-01,5.703888682250345251e-04
-7.992214285714286381e-01,6.312773987025949943e-04
-7.962214285714286355e-01,6.931668365304812212e-04
-7.932238095238095532e-01,7.560571817086812795e-04
-7.902261904761904709e-01,8.192811626703193177e-04
-7.872261904761905793e-01,8.843401404408718835e-04
-7.842261904761904656e-01,9.497327539948623209e-04
-7.812285714285714944e-01,1.016960364357755685e-03
-7.782285714285713807e-01,1.085689335746137414e-03
-7.752309523809525205e-01,1.155252396593108022e-03
-7.722309523809524068e-01,1.227484543707594179e-03
-7.692333333333333245e-01,1.299383055038630429e-03
-7.662333333333333218e-01,1.375285195770945858e-03
-7.632333333333334302e-01,1.449685975477772596e-03
-7.602357142857143479e-01,1.528757656152754255e-03
-7.572357142857143453e-01,1.605827522127096325e-03
-7.542380952380952630e-01,1.687568289069581607e-03
-7.512380952380953714e-01,1.767140423419714165e-03
-7.482380952380952577e-01,1.852050730304877603e-03
-7.452404761904761754e-01,1.934125133030800648e-03
-7.422428571428572042e-01,2.021704526183455784e-03
-7.392428571428570905e-01,2.106448015176894378e-03
-7.362428571428571988e-01,2.197363766163940805e-03
-7.332452380952381166e-01,2.284776341424894514e-03
-7.302452380952381139e-01,2.377693907112568387e-03
-7.272452380952382223e-01,2.467942386532750998e-03
-7.242476190476191400e-01,2.563362220596215359e-03
-7.212500000000000577e-01,2.656613422067338921e-03
-7.182500000000000551e-01,2.754035070831442871e-03
-7.152499999999999414e-01,2.850288994353520396e-03
-7.122523809523810812e-01,2.950880183060290360e-03
-7.092523809523809675e-01,3.050136828633309271e-03
-7.062547619047618852e-01,3.152896649932432176e-03
-7.032547619047618825e-01,3.255489653339841728e-03
-7.002571428571428003e-01,3.361252196689918162e-03
-6.972571428571429086e-01,3.467014740039994162e-03
-6.942595238095238264e-01,3.574445462307260062e-03
-6.912595238095238237e-01,3.683711181383440489e-03
-6.882595238095239321e-01,3.793477354134772248e-03
-6.852595238095238184e-01,3.906246248937057103e-03
-6.822619047619048471e-01,4.018014236389027584e-03
-6.792642857142857649e-01,4.134619942700866989e-03
-6.762642857142856512e-01,4.249223834312066371e-03
-6.732666666666667910e-01,4.369666352133447750e-03
-6.702666666666666773e-01,4.487272965795588084e-03
-6.672690476190475950e-01,4.611552295126511436e-03
-6.642690476190475923e-01,4.732662084514768774e-03
-6.612690476190477007e-01,4.861111861138672080e-03
-6.582690476190476980e-01,4.986058462036471392e-03
-6.552714285714286158e-01,5.118845503845080580e-03
-6.522738095238095335e-01,5.248129369927584907e-03
-6.492738095238096419e-01,5.385253676920898243e-03
-6.462738095238095282e-01,5.519875715538421525e-03
-6.432761904761905569e-01,5.661504105608165804e-03
-6.402785714285714747e-01,5.801464316760708041e-03
-6.372785714285713610e-01,5.947763607798582305e-03
-6.342785714285714693e-01,6.093228809377856416e-03
-6.312809523809523871e-01,6.244032183492161624e-03
-6.282809523809523844e-01,6.395002375498179750e-03
-6.252833333333333021e-01,6.550309832688902892e-03
-6.222833333333334105e-01,6.707118650905102147e-03
-6.192857142857143282e-01,6.865428830146778384e-03
-6.162857142857143256e-01,7.031078996624101456e-03
-6.132857142857142119e-01,7.187554179056863599e-03
-6.102880952380953516e-01,7.370887042056432567e-03
-6.072880952380952380e-01,7.508511802724908944e-03
-6.042904761904762667e-01,7.738220039622459474e-03
-6.012904761904761530e-01,7.817458538189154052e-03
-5.982928571428570708e-01,8.095043510010172666e-03
-5.952928571428571791e-01,8.188127893589572034e-03
-5.922928571428571765e-01,8.430013836582646997e-03
-5.892952380952380942e-01,8.602670354512179790e-03
-5.863000000000000433e-01,8.794344112097732952e-03
-5.833023809523809611e-01,8.988353320167339830e-03
-5.803023809523809584e-01,9.182195710345234657e-03
-5.773071428571429076e-01,9.383378087758785860e-03
-5.743095238095238253e-01,9.583559557822012714e-03
-5.713142857142857745e-01,9.789412836203709514e-03
-5.683190476190476126e-01,9.995933386152268396e-03
-5.653214285714286413e-01,1.020962710544477334e-02
-5.623261904761904795e-01,1.042332082473726614e-02
-5.593309523809524286e-01,1.064285317023994093e-02
-5.563357142857143778e-01,1.086288596941777963e-02
-5.533404761904762159e-01,1.108892421269751065e-02
-5.503476190476190855e-01,1.131729790646132140e-02
-5.473523809523810346e-01,1.155034250119326214e-02
-5.443595238095237931e-01,1.178638981797615684e-02
-5.413666666666666627e-01,1.202777530729406963e-02
-5.383738095238095323e-01,1.227199670077121219e-02
-5.353809523809524018e-01,1.252072217732477094e-02
-5.323904761904761918e-01,1.277311764749616135e-02
-5.293976190476190613e-01,1.303068447231085607e-02
-5.264047619047619309e-01,1.329158765495993058e-02
-5.234119047619048004e-01,1.355716173857715937e-02
-5.204214285714285904e-01,1.382723990527079394e-02
-5.174309523809523803e-01,1.410032079401538421e-02
-5.144404761904762813e-01,1.438157575945423101e-02
-5.114500000000000712e-01,1.466016163862555316e-02
-5.084595238095238612e-01,1.495392794594335197e-02
-5.054714285714285715e-01,1.523868608710829235e-02
-5.024809523809524725e-01,1.554379601106300676e-02
-4.994928571428571829e-01,1.583739550048907097e-02
-4.965047619047618932e-01,1.615201404427178342e-02
-4.935166666666666591e-01,1.645528897141758373e-02
-4.905261904761905045e-01,1.677941613502829596e-02
-4.875380952380952704e-01,1.709286695356897201e-02
-4.845500000000000362e-01,1.742700319068284445e-02
-4.815642857142857225e-01,1.775062990061840665e-02
-4.785785714285714088e-01,1.809477521123544277e-02
-4.755904761904762301e-01,1.842907826624104115e-02
-4.726047619047619164e-01,1.878323265036125136e-02
-4.696190476190476581e-01,1.912937977567891537e-02
-4.666333333333333444e-01,1.949387686908570297e-02
-4.636476190476190307e-01,1.985153442893202586e-02
-4.606619047619048279e-01,2.022737513897572906e-02
-4.576761904761905142e-01,2.059704358702584351e-02
-4.546928571428571764e-01,2.098439473159818131e-02
-4.517095238095238385e-01,2.136624088574378896e-02
-4.487261904761905007e-01,2.176526928273651504e-02
-4.457428571428571074e-01,2.216012723243623514e-02
-4.427571428571429046e-01,2.257083288184930092e-02
-4.397761904761904872e-01,2.297736808396936073e-02
-4.367928571428571494e-01,2.340292052574544437e-02
-4.338119047619047874e-01,2.382146661606932003e-02
-4.308309523809523700e-01,2.426069812496639555e-02
-4.278476190476190322e-01,2.469375737186986150e-02
-4.248666666666666702e-01,2.514499976897072511e-02
-4.218857142857142528e-01,2.559257217245376054e-02
-4.189047619047619464e-01,2.605782727245906441e-02
-4.159261904761905049e-01,2.652091373987199366e-02
-4.129452380952381430e-01,2.699934745332311509e-02
-4.099642857142857255e-01,2.747744753099081241e-02
-4.069880952380952599e-01,2.797122849048010174e-02
-4.040071428571428980e-01,2.846567672153629130e-02
-4.010309523809523768e-01,2.897347038393002436e-02
-3.980523809523809353e-01,2.948409995048298371e-02
-3.950738095238095493e-01,3.000807494837348655e-02
-3.920952380952381078e-01,3.053638721144869006e-02
-3.891190476190475867e-01,3.107520900170223505e-02
-3.861428571428571210e-01,3.162053668973281023e-02
-3.831666666666666554e-01,3.217637390494172689e-02
-3.801904761904761898e-01,3.274038519684487059e-02
-3.772142857142857242e-01,3.331273738333398460e-02
-3.742380952380952031e-01,3.389476500754282778e-02
-3.712642857142857133e-01,3.448479989055421024e-02
-3.682880952380953032e-01,3.508684566176937386e-02
-3.653119047619047821e-01,3.569406278762785045e-02
-3.623380952380952924e-01,3.631545943428246548e-02
-3.593642857142857472e-01,3.694102652823006566e-02
-3.563904761904762575e-01,3.758310859345788402e-02
-3.534190476190476882e-01,3.822785974495320621e-02
-3.504452380952381430e-01,3.889146131821279856e-02
-3.474738095238095736e-01,3.955389516623038920e-02
-3.445000000000000284e-01,4.024051760854725768e-02
-3.415285714285714036e-01,4.092413732881319821e-02
-3.385571428571428343e-01,4.163177882548672187e-02
-3.355880952380952409e-01,4.233708487167616580e-02
-3.326166666666666716e-01,4.306741360162353455e-02
-3.296452380952381023e-01,4.379607415265367870e-02
-3.266738095238095330e-01,4.454992420533347708e-02
-3.237047619047618841e-01,4.530160562542090430e-02
-3.207357142857142907e-01,4.607981109029170991e-02
-3.177690476190476176e-01,4.685551428678673413e-02
-3.148000000000000242e-01,4.765957652487404217e-02
-3.118285714285714549e-01,4.846130331247727741e-02
-3.088619047619047819e-01,4.929138914167281726e-02
-3.058952380952381089e-01,5.011830543092567897e-02
-3.029261904761905155e-01,5.097558257647148011e-02
-2.999595238095238425e-01,5.183235926834210694e-02
-2.969928571428571695e-01,5.271666091234643303e-02
-2.940285714285714724e-01,5.360263073526794209e-02
-2.910619047619047439e-01,5.451295597038047919e-02
-2.880952380952380709e-01,5.543362391477962836e-02
-2.851309523809523738e-01,5.637147410202587861e-02
-2.821666666666666767e-01,5.732400426374341385e-02
-2.792000000000000037e-01,5.829221530728256884e-02
-2.762380952380952270e-01,5.927827586523570086e-02
-2.732738095238095299e-01,6.027851594398497131e-02
-2.703119047619048088e-01,6.129743962660683110e-02
-2.673476190476190562e-01,6.233221100894201921e-02
-2.643857142857142795e-01,6.338666690250008284e-02
-2.614214285714285824e-01,6.445596958842118862e-02
-2.584595238095238057e-01,6.554412269610655761e-02
-2.554976190476190845e-01,6.665029213609763303e-02
-2.525357142857143078e-01,6.777447790839440100e-02
-2.495761904761904793e-01,6.891851500980576695e-02
-2.466142857142857303e-01,7.008006798984764418e-02
-2.436547619047619018e-01,7.126180593478759207e-02
-2.406952380952381010e-01,7.246506338775932088e-02
-2.377352380952381106e-01,7.368650399092847858e-02
-2.347766666666666890e-01,7.492846319477911021e-02
-2.318178571428571588e-01,7.619077418141949332e-02
-2.288592857142857095e-01,7.747677330868403545e-02
-2.259014285714285586e-01,7.878028831457911663e-02
-2.229438095238095163e-01,8.010815873266520504e-02
-2.199864285714285828e-01,8.145604729775764163e-02
-2.170292857142857301e-01,8.282895854660796142e-02
-2.140728571428571481e-01,8.422021976354741868e-02
-2.111166666666666747e-01,8.563817184316198372e-02
-2.081607142857143100e-01,8.707614206978285532e-02
-2.052052380952381072e-01,8.854247133799603153e-02
-2.022502380952380940e-01,9.002548239538112063e-02
-1.992954761904762173e-01,9.153852067327571118e-02
-1.963411904761905025e-01,9.306990891925943921e-02
-1.933871428571428686e-01,9.463466074358703461e-02
-1.904333333333333433e-01,9.621275799925216310e-02
-1.874800000000000078e-01,9.782588701217836968e-02
-1.845271428571428618e-01,9.945402963535930618e-02
-1.815745238095238245e-01,1.011205403736357006e-01
-1.786223809523809769e-01,1.027987283643324590e-01
-1.756707142857143189e-01,1.045136162912074784e-01
-1.727192857142857141e-01,1.062418496494200448e-01
-1.697683333333333267e-01,1.080101193016452382e-01
-1.668176190476190479e-01,1.097900662062908095e-01
-1.638673809523809588e-01,1.116050448681974311e-01
-1.609173809523809506e-01,1.134383734981931902e-01
-1.579678571428571598e-01,1.153017293486984368e-01
-1.550185714285714222e-01,1.171851033462099900e-01
-1.520700000000000107e-01,1.190968363853138479e-01
-1.491216666666666524e-01,1.210269193925068570e-01
-1.461735714285714305e-01,1.229886977991265229e-01
-1.432259523809523705e-01,1.249638216370837357e-01
-1.402788095238095278e-01,1.269673045166332392e-01
-1.373316666666666852e-01,1.289858010064375005e-01
-1.343852380952381131e-01,1.310309883589168278e-01
-1.314392857142857030e-01,1.330861847848993362e-01
-1.284933333333333483e-01,1.351664038946397139e-01
-1.255480952380952364e-01,1.372549638989661036e-01
-1.226033333333333419e-01,1.393668784081331935e-01
-1.196585714285714336e-01,1.414787929173003111e-01
-1.167142857142857149e-01,1.436123937523909044e-01
-1.137704761904761996e-01,1.457409900507299072e-01
-1.108271428571428741e-01,1.478879363171580752e-01
-1.078842857142857242e-01,1.500232053311658653e-01
-1.049414285714285744e-01,1.521718197765112301e-01
-1.019990476190476142e-01,1.543004160748502329e-01
-9.905738095238095231e-02,1.564373532677752199e-01
-9.611571428571427655e-02,1.585425950612735502e-01
-9.317476190476189912e-02,1.606545095704406678e-01
-9.023380952380952169e-02,1.627213832488434986e-01
-8.729357142857144258e-02,1.647932614639979476e-01
-8.435380952380952535e-02,1.667867352700442840e-01
-8.141428571428571681e-02,1.688252499068548795e-01
-7.847500000000000309e-02,1.707269738724555563e-01
-7.553619047619047899e-02,1.726937568158267988e-01
-7.259785714285714453e-02,1.745020627620646470e-01
-6.965976190476190488e-02,1.763720913282386948e-01
-6.672238095238094968e-02,1.780702974659417737e-01
-6.378523809523808930e-02,1.798202171500778157e-01
-6.084833333333333760e-02,1.813983144057429442e-01
-5.791190476190476860e-02,1.830081070608347571e-01
-5.497595238095238229e-02,1.844544181820416406e-01
-5.204023809523809080e-02,1.858940565875797091e-01
-4.910523809523809069e-02,1.871902316062390992e-01
-4.617047619047618540e-02,1.884864066248985726e-01
-4.323595238095238186e-02,1.896107592150869936e-01
-4.030214285714286276e-02,1.907267709106895415e-01
-3.736833333333332979e-02,1.917894008809418460e-01
-3.443523809523809515e-02,1.927369265059078463e-01
-3.150238095238095531e-02,1.937228202459692072e-01
-2.857000000000000164e-02,1.943283691929104939e-01
-2.563809523809523760e-02,1.952608812076216949e-01
-2.270635714285714618e-02,1.957613348827798028e-01
-1.977516666666666659e-02,1.968690056837963387e-01
-1.684438095238095442e-02,1.969841100290826985e-01
-1.391397619047619189e-02,1.984954801280601200e-01
-1.098400000000000071e-02,1.978615721395265148e-01
-8.054404761904762622e-03,1.998717277347448196e-01
-5.125238095238095898e-03,1.983987257508628421e-01
-2.198628571428571342e-03,2.012262890155060158e-01
7.254000000000000682e-04,1.988508022374223527e-01
3.639119047619047715e-03,2.022889189857583481e-01
6.542500000000000572e-03,1.996081554658282464e-01
9.432380952380952505e-03,2.028994724694511698e-01
1.230871428571428741e-02,2.002971133586291808e-01
1.516645238095238289e-02,2.039754478710410490e-01
1.800559523809523721e-02,2.008109124651247801e-01
2.082152380952381060e-02,2.051631912600828944e-01
2.361433333333333440e-02,2.016733609653139081e-01
2.638190476190476613e-02,2.066462023174679974e-01
2.912428571428571714e-02,2.029928904888140262e-01
3.184095238095237951e-02,2.082242995731331259e-01
3.453190476190476366e-02,2.045759922812307174e-01
3.719785714285714362e-02,2.097440105666965038e-01
3.983880952380951940e-02,2.055351951586170678e-01
4.245690476190476514e-02,2.104413093540834223e-01
4.505190476190475829e-02,2.058771718366417258e-01
4.762738095238095576e-02,2.103979367022363878e-01
5.018333333333332980e-02,2.047778419302111741e-01
5.272238095238095806e-02,2.081759223845345286e-01
5.524476190476190762e-02,2.015132157892633169e-01
5.775357142857143189e-02,2.031196720865207361e-01
6.024904761904761874e-02,1.952325221660294319e-01
6.273499999999999910e-02,1.938963108533573731e-01
6.521166666666666778e-02,1.847847176076459486e-01
6.768357142857142628e-02,1.800570985563192949e-01
7.015071428571428847e-02,1.702031656924567760e-01
7.261619047619047307e-02,1.614285445880185021e-01
7.507976190476189915e-02,1.510508035441571473e-01
7.754452380952381318e-02,1.377170494590287675e-01
8.000976190476190297e-02,1.275394898852306169e-01
8.248023809523809258e-02,1.084421776411983729e-01
8.495595238095238200e-02,9.982936989172785935e-02
8.743928571428571939e-02,7.481986474726981529e-02
8.993119047619048401e-02,6.845092445931638681e-02
9.243095238095239141e-02,3.855081918332186469e-02
9.493952380952382086e-02,3.409094284820481102e-02
9.745880952380953088e-02,-3.096101573874758019e-03
9.998904761904763017e-02,-2.920442333894272997e-03
1.025392857142857217e-01,-5.142658116280752340e-02
1.051097619047619142e-01,-3.909740442161312168e-02
1.077004761904761937e-01,-8.869366314115512129e-02
1.103114285714285742e-01,-7.316208500080309540e-02
1.129321428571428698e-01,-1.102001944091556135e-01
1.155626190476190390e-01,-1.045783647310565279e-01
1.182019047619047719e-01,-1.385143619885741972e-01
1.208499999999999991e-01,-1.335370165533436571e-01
1.235076190476190605e-01,-1.675935564194177552e-01
1.261742857142857110e-01,-1.609979106166177232e-01
1.288495238095238027e-01,-1.932993594439124108e-01
1.315326190476190649e-01,-1.870757175396465521e-01
1.342228571428571438e-01,-2.169696505536474751e-01
1.369197619047619052e-01,-2.116923665491055317e-01
1.396242857142857285e-01,-2.414843738312658916e-01
1.423369047619047756e-01,-2.341035162121428426e-01
1.450552380952380982e-01,-2.587039838861050489e-01
1.477790476190476432e-01,-2.552975625371957102e-01
1.505042857142857293e-01,-2.722879648088124549e-01
1.532307142857142757e-01,-2.776595009221758392e-01
1.559597619047619066e-01,-2.980329700378611113e-01
1.586911904761904579e-01,-3.015678411633944123e-01
1.614276190476190698e-01,-3.299569099761949786e-01
1.641690476190476311e-01,-3.263986843458210330e-01
1.669176190476190369e-01,-3.608665971328750555e-01
1.696738095238095601e-01,-3.498666253529004733e-01
1.724369047619047635e-01,-3.834537396716762858e-01
1.752071428571428668e-01,-3.704836485904960952e-01
1.779826190476190562e-01,-3.990762352311942873e-01
1.807635714285714124e-01,-3.890221208972684530e-01
1.835492857142857204e-01,-4.137695551338354538e-01
1.863390476190476264e-01,-4.058123416988219656e-01
1.891330952380952668e-01,-4.305430941462169980e-01
1.919316666666666671e-01,-4.216900686326706116e-01
1.947347619047619105e-01,-4.464975573102565876e-01
1.975421428571428883e-01,-4.361565162025733966e-01
2.003538095238095451e-01,-4.600415019389513249e-01
2.031697619047619086e-01,-4.494969430033706748e-01
2.059895238095238168e-01,-4.715169047103259792e-01
2.088128571428571612e-01,-4.614761358077378306e-01
2.116397619047619139e-01,-4.822733223683903225e-01
2.144700000000000217e-01,-4.724644303352920072e-01
2.173033333333333483e-01,-4.921105734430809009e-01
2.201397619047619214e-01,-4.824618265860332045e-01
2.229795238095237941e-01,-5.010653578705761557e-01
2.258221428571428602e-01,-4.913265293519998855e-01
2.286676190476190640e-01,-5.086488992281381627e-01
2.315157142857142969e-01,-4.994739151835734248e-01
2.343661904761904780e-01,-5.152365377721357387e-01
2.372188095238095262e-01,-5.069089886175052184e-01
2.400738095238095504e-01,-5.217624536961970039e-01
2.429309523809523863e-01,-5.139353582167246470e-01
2.457904761904761981e-01,-5.280848517923608654e-01
2.486523809523809581e-01,-5.206097420644163476e-01
2.515142857142856903e-01,-5.340269050954044028e-01
2.543809523809523743e-01,-5.271022944101336760e-01
2.572476190476190583e-01,-5.396736907301047381e-01
2.601166666666666627e-01,-5.331144112276995362e-01
2.629857142857142671e-01,-5.455823804548042277e-01
2.658595238095238233e-01,-5.384325656157126216e-01
2.687333333333333241e-01,-5.506686579733276465e-01
2.716071428571428803e-01,-5.442495054999666459e-01
2.744857142857142773e-01,-5.556748629038256171e-01
2.773642857142857299e-01,-5.493674784179165549e-01
2.802428571428571824e-01,-5.604558636805024863e-01
2.831238095238095553e-01,-5.543403197700705887e-01
2.860047619047619283e-01,-5.652468735306823699e-01
2.888904761904761975e-01,-5.591580204829258438e-01
2.917738095238095464e-01,-5.697993337957037996e-01
2.946595238095238156e-01,-5.638122396618958643e-01
2.975452380952380849e-01,-5.740098173827004047e-01
3.004357142857142504e-01,-5.683380090642422555e-01
3.033238095238095511e-01,-5.781435647395060107e-01
3.062142857142857166e-01,-5.728170694569069132e-01
3.091071428571428581e-01,-5.822773120963118387e-01
3.119976190476190236e-01,-5.771643437151133815e-01
3.148904761904762206e-01,-5.868281041824159328e-01
3.177833333333333621e-01,-5.817635129898162116e-01
3.206809523809523998e-01,-5.916357958217679514e-01
3.235761904761904617e-01,-5.865678682713337810e-01
3.264738095238094995e-01,-5.966553461836032746e-01
3.293714285714285372e-01,-5.913638826582653385e-01
3.322690476190476305e-01,-6.014346787813629192e-01
3.351690476190476442e-01,-5.959063338497834206e-01
3.380690476190476579e-01,-6.053632401313538969e-01
3.409690476190476160e-01,-6.004287668942952516e-01
3.438714285714286056e-01,-6.093652013537013135e-01
3.467738095238095397e-01,-6.046192323342854946e-01
3.496785714285714497e-01,-6.140077432802510948e-01
3.525833333333333597e-01,-6.088413931737025608e-01
3.554880952380952142e-01,-6.185752171555272128e-01
3.583976190476190204e-01,-6.128216680701263908e-01
3.613023809523809304e-01,-6.224604058536710172e-01
3.642095238095238163e-01,-6.166768295477609296e-01
3.671190476190476226e-01,-6.259085316755101935e-01
3.700285714285714289e-01,-6.203601685969243329e-01
3.729380952380952352e-01,-6.293316348135915561e-01
3.758476190476190415e-01,-6.242019846432211860e-01
3.787595238095238237e-01,-6.333369323937731998e-01
3.816714285714286059e-01,-6.276401013915572369e-01
3.845857142857143085e-01,-6.371303712514714279e-01
3.874976190476190907e-01,-6.309797955837787020e-01
3.904119047619047933e-01,-6.400813797559870011e-01
3.933261904761904959e-01,-6.338824268996955391e-01
3.962428571428571189e-01,-6.426737297933057258e-01
3.991571428571428215e-01,-6.366883038384152371e-01
4.020738095238095000e-01,-6.456714473075026994e-01
4.049928571428571544e-01,-6.395158671030584108e-01
4.079095238095238329e-01,-6.488193009242471110e-01
4.108261904761905114e-01,-6.423501030833702607e-01
4.137452380952381104e-01,-6.514650326869161345e-01
4.166642857142857093e-01,-6.446004764426644940e-01
4.195833333333333082e-01,-6.532900204223258678e-01
4.225023809523809626e-01,-6.468925542748883428e-01
4.254238095238095374e-01,-6.550816445793916643e-01
4.283452380952381122e-01,-6.489210598381958128e-01
4.312666666666666315e-01,-6.579075396651177243e-01
4.341904761904761822e-01,-6.509362199701658191e-01
4.371095238095238367e-01,-6.604848760921817608e-01
4.400333333333333874e-01,-6.527511986320723159e-01
4.429571428571428826e-01,-6.617260012065738772e-01
4.458809523809523778e-01,-6.539222602319422206e-01
4.488047619047619285e-01,-6.619128372452994791e-01
4.517285714285714793e-01,-6.550966581896464636e-01
4.546523809523809745e-01,-6.628620310491827317e-01
4.575785714285714456e-01,-6.562160062430834051e-01
4.605023809523809408e-01,-6.650106454945279300e-01
4.634285714285714675e-01,-6.571952272674760342e-01
4.663547619047618831e-01,-6.668439741245237862e-01
4.692809523809524097e-01,-6.577590717414874000e-01
4.722071428571428808e-01,-6.669507375752240508e-01
4.751357142857143279e-01,-6.577674126360734119e-01
4.780595238095238231e-01,-6.660982981485382703e-01
4.809880952380952701e-01,-6.574154268845454618e-01
4.839166666666667171e-01,-6.652341814694319178e-01
4.868428571428571328e-01,-6.567464871387509451e-01
4.897690476190476039e-01,-6.644501373783510134e-01
4.926976190476191064e-01,-6.558022978716193663e-01
4.956261904761904424e-01,-6.635476525841492723e-01
4.985547619047618895e-01,-6.546278999139151233e-01
5.014833333333333920e-01,-6.624583317512218184e-01
5.044095238095238631e-01,-6.531999387607974050e-01
5.073380952380952547e-01,-6.611104431861293262e-01
5.102666666666666462e-01,-6.513866282778080219e-01
5.131952380952381487e-01,-6.594055643327576544e-01
5.161238095238095402e-01,-6.491662821390232763e-01
5.190523809523809318e-01,-6.571435137210431821e-01
5.219809523809524343e-01,-6.464755095455899658e-01
5.249095238095238258e-01,-6.539956601042987705e-01
5.278380952380952174e-01,-6.433076377818393032e-01
5.307642857142857995e-01,-6.503206619497212682e-01
5.336928571428571910e-01,-6.397544166882169758e-01
5.366214285714285825e-01,-6.468658634122133044e-01
5.395476190476190537e-01,-6.357591281815383466e-01
5.424761904761904452e-01,-6.435061510729853662e-01
5.454023809523809163e-01,-6.311699679803388641e-01
5.483309523809524189e-01,-6.390737996900019979e-01
5.512571428571428900e-01,-6.258017682248099289e-01
5.541833333333333611e-01,-6.328314741818635847e-01
5.571071428571429118e-01,-6.196645379884545557e-01
5.600309523809524626e-01,-6.258551499501600057e-01
5.629571428571429337e-01,-6.128783861533110278e-01
5.658809523809523734e-01,-6.193976293617036166e-01
5.688047619047619241e-01,-6.051663950191251695e-01
5.717285714285714748e-01,-6.123395643630574758e-01
5.746523809523810256e-01,-5.963917739146868957e-01
5.775714285714286245e-01,-6.034631843446703892e-01
5.804928571428571438e-01,-5.860524009859208183e-01
5.834142857142857741e-01,-5.924265126285175320e-01
5.863333333333333730e-01,-5.742550396835277571e-01
5.892523809523809719e-01,-5.796983074903304667e-01
5.921666666666666190e-01,-5.608662356941320759e-01
5.950833333333332975e-01,-5.655721684195351706e-01
5.979976190476191666e-01,-5.458125891453770029e-01
6.009119047619048137e-01,-5.498062094731385185e-01
6.038238095238095404e-01,-5.290273728805751086e-01
6.067357142857143781e-01,-5.323203580631152843e-01
6.096428571428571530e-01,-5.103437690080069311e-01
6.125500000000000389e-01,-5.130895915057075429e-01
6.154547619047620044e-01,-4.899753044290731663e-01
6.183595238095238589e-01,-4.925709908242263402e-01
6.212595238095238726e-01,-4.677851884725639509e-01
6.241571428571428548e-01,-4.708846649007096263e-01
6.270523809523809167e-01,-4.443773019065034857e-01
6.299428571428571377e-01,-4.480456273454122007e-01
6.328285714285715180e-01,-4.218635592400587497e-01
6.357119047619047558e-01,-4.261407699837431173e-01
6.385928571428570732e-01,-4.013499630953291653e-01
6.414690476190476609e-01,-4.093271946773488490e-01
6.443380952380951543e-01,-3.821158601800870303e-01
6.471976190476190771e-01,-3.990962533782005939e-01
6.500452380952381759e-01,-3.688938740824105889e-01
6.528690476190476266e-01,-3.914760120844602564e-01
6.556666666666667309e-01,-3.600508576423673834e-01
6.584333333333334259e-01,-3.827764590312956461e-01
6.611619047619047285e-01,-3.555217518821867650e-01
6.638333333333333863e-01,-3.765858470695902516e-01
6.664428571428571146e-01,-3.550646708588757194e-01
6.689880952380952150e-01,-3.720851003510019517e-01
6.714666666666666561e-01,-3.568929949521199019e-01
6.738976190476190231e-01,-3.688104651365509135e-01
6.762785714285713956e-01,-3.578104933565763868e-01
6.786214285714287087e-01,-3.658194203380227827e-01
6.809285714285715496e-01,-3.589215005154273164e-01
6.832142857142856629e-01,-3.650086853842667289e-01
6.854761904761904612e-01,-3.609149743214736250e-01
6.877238095238095150e-01,-3.639310418037596251e-01
6.899595238095238559e-01,-3.600642030737049026e-01
6.921904761904761338e-01,-3.607581655032574552e-01
6.944142857142857617e-01,-3.593302043501397369e-01
6.966428571428572303e-01,-3.600375122110298087e-01
6.988738095238095083e-01,-3.597622626896928577e-01
7.011166666666666103e-01,-3.599224078657434767e-01
7.033642857142856641e-01,-3.594019360435790622e-01
7.056214285714285106e-01,-3.595203767466997880e-01
7.078785714285714681e-01,-3.591650546373375552e-01
7.101404761904761553e-01,-3.592301136151081487e-01
7.124071428571429054e-01,-3.589415186624336229e-01
7.146833333333334481e-01,-3.590366048607136484e-01
7.169690476190475614e-01,-3.587913825598861850e-01
7.192714285714285616e-01,-3.589898958510322480e-01
7.215880952380951951e-01,-3.586479191730075344e-01
7.239214285714286046e-01,-3.588948096527521670e-01
7.262714285714286788e-01,-3.585428239012243834e-01
7.286333333333333551e-01,-3.586646009621795028e-01
7.310095238095238868e-01,-3.583810105462565399e-01
7.334047619047620037e-01,-3.585578375114790717e-01
7.358095238095238022e-01,-3.580824065200788886e-01
7.382357142857142174e-01,-3.582825879901421762e-01
7.406761904761905990e-01,-3.579973293953020441e-01
7.431333333333334235e-01,-3.580924155935820696e-01
7.456071428571429127e-01,-3.577420980209713997e-01
7.480999999999999872e-01,-3.581891699707792642e-01
7.506095238095238376e-01,-3.577287525896338805e-01
7.531357142857143527e-01,-3.581791608972761387e-01
7.556833333333332625e-01,-3.578622069030093500e-01
7.582452380952381388e-01,-3.582875925268937389e-01
7.608238095238095688e-01,-3.580373656893147127e-01
7.634214285714285841e-01,-3.585161330385492895e-01
7.660357142857142643e-01,-3.583192879263203956e-01
7.686666666666667203e-01,-3.587980552755549724e-01
7.713119047619048096e-01,-3.586495873519247590e-01
7.739714285714286435e-01,-3.591033320174013554e-01
7.766500000000000625e-01,-3.589632049883571541e-01
7.793404761904761946e-01,-3.595086994942794378e-01
7.820476190476189915e-01,-3.593435497814772561e-01
7.847666666666667235e-01,-3.597155536800114572e-01
7.874976190476191684e-01,-3.598039671626226954e-01
7.902428571428571358e-01,-3.599791259489280026e-01
7.930000000000000382e-01,-3.601859801346600221e-01
7.957642857142857018e-01,-3.604595614770798040e-01
7.985404761904761894e-01,-3.606096975796272419e-01
8.013238095238096603e-01,-3.608716016696266182e-01
8.041190476190476222e-01,-3.610267423089256189e-01
8.069214285714286783e-01,-3.611852193060590133e-01
8.097309523809523846e-01,-3.614471233960583896e-01
8.125499999999999945e-01,-3.614537961117271769e-01
8.153738095238095562e-01,-3.616039322142746149e-01
8.182047619047619902e-01,-3.614804869744022708e-01
8.210428571428570743e-01,-3.615538868467588207e-01
8.238857142857143323e-01,-3.611301694017916009e-01
8.267333333333333201e-01,-3.606897701676525236e-01
8.295857142857143707e-01,-3.595353903569545317e-01
8.324428571428571511e-01,-3.581157700984228254e-01
8.353047619047618833e-01,-3.562991232575989931e-01
8.381690476190476469e-01,-3.543640357136544350e-01
8.410380952380952513e-01,-3.531612787143578180e-01
8.439119047619048075e-01,-3.527759293844860977e-01
8.467857142857143637e-01,-3.527942793525752352e-01
8.496619047619048404e-01,-3.528526656146769858e-01
8.525428571428571578e-01,-3.531913059348673056e-01
8.554261904761905067e-01,-3.532013150083704867e-01
8.583095238095237445e-01,-3.532063195451220494e-01
8.611976190476190451e-01,-3.530845424841669300e-01
8.640857142857143458e-01,-3.532280058710455806e-01
8.669761904761905669e-01,-3.531045606311732366e-01
8.698690476190475973e-01,-3.532446876602174934e-01
8.727619047619047388e-01,-3.531362560305998932e-01
8.756595238095239431e-01,-3.533230920693256061e-01
8.785571428571428143e-01,-3.532413513023830998e-01
8.814547619047620186e-01,-3.533581238265866564e-01
8.843523809523808898e-01,-3.530795379474153117e-01
8.872523809523809035e-01,-3.532246695132111314e-01
8.901547619047619486e-01,-3.529160564135304101e-01
8.930595238095238031e-01,-3.530278244009823485e-01
8.959642857142857686e-01,-3.528176338574159354e-01
8.988690476190476231e-01,-3.529894562858869045e-01
9.017738095238095886e-01,-3.528326474676706792e-01
9.046833333333333949e-01,-3.531496014619374679e-01
9.075928571428572011e-01,-3.528193020363331045e-01
9.105047619047619278e-01,-3.530178153274791675e-01
9.134142857142857341e-01,-3.526574886813653720e-01
9.163285714285713812e-01,-3.528826928351864733e-01
9.192404761904762189e-01,-3.523655573708565081e-01
9.221547619047619770e-01,-3.525390479782445907e-01
9.250738095238095759e-01,-3.519501808204753002e-01
9.279928571428571749e-01,-3.523572164762704961e-01
9.309119047619048848e-01,-3.516565813310492117e-01
9.338309523809523727e-01,-3.519084763475454625e-01
9.367523809523810030e-01,-3.515865178165270555e-01
9.396761904761905537e-01,-3.516232177527053304e-01
9.426023809523810248e-01,-3.509626189014966591e-01
9.455285714285713849e-01,-3.511678049083115094e-01
9.484523809523809357e-01,-3.503687472069757503e-01
9.513785714285715178e-01,-3.508208236935352331e-01
9.543071428571429093e-01,-3.499917387716899864e-01
9.572357142857143009e-01,-3.503036882292052123e-01
9.601619047619048830e-01,-3.499867342349384236e-01
9.630904761904762745e-01,-3.500017478451931674e-01
9.660190476190475550e-01,-3.501652293790781245e-01
9.689452380952381372e-01,-3.499967433084416046e-01
9.718738095238096397e-01,-3.494162170452582150e-01
9.748023809523809202e-01,-3.498049027329643290e-01
9.777309523809524228e-01,-3.489691450954503504e-01
9.806595238095238143e-01,-3.487923181302278186e-01
9.835880952380953168e-01,-3.484536778100374987e-01
9.865166666666667084e-01,-3.486888910373617811e-01
9.894452380952382109e-01,-3.478181016425867522e-01
9.923714285714285710e-01,-3.474761249645620387e-01
9.953000000000000735e-01,-3.466470400427168475e-01
9.982285714285714651e-01,-3.468672396597863861e-01
1.001157142857142857e+00,-3.463918086683862585e-01
1.004085714285714248e+00,-3.464218358888957461e-01
1.007014285714285640e+00,-3.464468585726536154e-01
1.009942857142857253e+00,-3.456778280918273438e-01
1.012869047619047613e+00,-3.452040652793443853e-01
1.015797619047619005e+00,-3.448570840645681090e-01
1.018726190476190396e+00,-3.445084346708746637e-01
1.021654761904762010e+00,-3.438928766504302237e-01
1.024583333333333401e+00,-3.435108636783928970e-01
1.027511904761904793e+00,-3.426334015679490808e-01
1.030440476190476184e+00,-3.422730749218352297e-01
1.033369047619047576e+00,-3.415140535145121947e-01
1.036297619047618968e+00,-3.410402907020291807e-01
1.039226190476190581e+00,-3.404697735123489721e-01
1.042152380952380941e+00,-3.398692291021592760e-01
1.045080952380952333e+00,-3.392653483341351861e-01
1.048009523809523946e+00,-3.388416308891680218e-01
1.050938095238095338e+00,-3.380742685872589748e-01
1.053866666666666729e+00,-3.373436062215282027e-01
1.056795238095238121e+00,-3.364294441749061115e-01
1.059723809523809512e+00,-3.354719094764369580e-01
1.062652380952380904e+00,-3.345644201454836542e-01
1.065580952380952517e+00,-3.332832587370789801e-01
1.068507142857142878e+00,-3.320738290221136313e-01
1.071435714285714269e+00,-3.311112897868929150e-01
1.074364285714285661e+00,-3.304023137470856186e-01
1.077292857142857274e+00,-3.293880609654319391e-01
1.080221428571428666e+00,-3.285256124652428666e-01
1.083150000000000057e+00,-3.270793013440359553e-01
1.086078571428571449e+00,-3.261100893931465072e-01
1.089007142857142840e+00,-3.258164899037204743e-01
1.091935714285714232e+00,-3.253110316918108036e-01
1.094861904761904814e+00,-3.252242863881167345e-01
1.097790476190476205e+00,-3.255262267721287794e-01
1.100719047619047597e+00,-3.258782125236566185e-01
1.103647619047618988e+00,-3.261834892655030571e-01
1.106576190476190602e+00,-3.262151846649297693e-01
1.109504761904761994e+00,-3.259432715014271564e-01
1.112433333333333385e+00,-3.251108502217475715e-01
1.115361904761904777e+00,-3.235527711130887774e-01
1.118290476190476168e+00,-3.209420711076808042e-01
1.121219047619047560e+00,-3.171903367229123583e-01
1.124147619047619173e+00,-3.124760631029233071e-01
1.127073809523809533e+00,-3.080754071193665955e-01
1.130002380952380925e+00,-3.070377998328721603e-01
1.132930952380952538e+00,-3.078668847547174070e-01
1.135859523809523930e+00,-3.083273021358628463e-01
1.138788095238095321e+00,-3.087009742133141610e-01
1.141716666666666713e+00,-3.087927240537598483e-01
1.144645238095238104e+00,-3.089929055238230804e-01
1.147573809523809496e+00,-3.089895691659886867e-01
1.150502380952381110e+00,-3.089428601563072863e-01
1.153430952380952501e+00,-3.088027331272629739e-01
1.156357142857142861e+00,-3.086792878873906854e-01
1.159285714285714253e+00,-3.084657609859898786e-01
1.162214285714285866e+00,-3.082188705062452461e-01
1.165142857142857258e+00,-3.079119255854816384e-01
1.168071428571428649e+00,-3.077968212401952508e-01
1.171000000000000041e+00,-3.076466851376478684e-01
1.173928571428571432e+00,-3.073947901211516176e-01
1.176857142857142824e+00,-3.069844181075219725e-01
1.179785714285714437e+00,-3.065023144004530575e-01
1.182714285714285829e+00,-3.057666474979706672e-01
1.185640476190476189e+00,-3.050309805954882769e-01
1.188569047619047581e+00,-3.043270090924325988e-01
1.191497619047619194e+00,-3.035729922218611265e-01
1.194426190476190364e+00,-3.026755119644109482e-01
1.197354761904761977e+00,-3.018697815474064017e-01
1.200283333333333369e+00,-3.009873149002110226e-01
1.203211904761904982e+00,-3.001932617356268818e-01
1.206140476190476152e+00,-2.992774315100876215e-01
1.209069047619047543e+00,-2.984550193039111621e-01
1.211997619047619157e+00,-2.974207483752511760e-01
1.214923809523809739e+00,-2.962263322705405155e-01
1.217852380952380908e+00,-2.953221792974215498e-01
1.220780952380952300e+00,-2.947066212769771654e-01
1.223709523809523914e+00,-2.940576996781888441e-01
1.226638095238095305e+00,-2.931985875358341653e-01
1.229566666666666919e+00,-2.920341986516329924e-01
1.232495238095238088e+00,-2.911033548158389328e-01
1.235423809523809480e+00,-2.900257112353319400e-01
1.238352380952381093e+00,-2.889080313608122230e-01
1.241280952380952263e+00,-2.878353923170566819e-01
1.244207142857142845e+00,-2.867694259889700392e-01
1.247135714285714236e+00,-2.856717642614566843e-01
1.250064285714285850e+00,-2.844773481567460238e-01
1.252992857142857019e+00,-2.835865406149646883e-01
1.255921428571428633e+00,-2.825856332646484725e-01
1.258850000000000025e+00,-2.813311627189188924e-01
1.261778571428571416e+00,-2.800149695532531680e-01
1.264707142857143030e+00,-2.787054491032561754e-01
1.267635714285714199e+00,-2.776761827113477521e-01
1.270561904761904781e+00,-2.767369979809677916e-01
1.273490476190476173e+00,-2.756910497998873999e-01
1.276419047619047786e+00,-2.744549292222469017e-01
1.279347619047618956e+00,-2.735207490286185594e-01
1.282276190476190569e+00,-2.725131689626336118e-01
1.285204761904761961e+00,-2.713904845513623321e-01
1.288133333333333574e+00,-2.701643730472250149e-01
1.291061904761904744e+00,-2.685545803921331465e-01
1.293990476190476135e+00,-2.672400554053846466e-01
1.296919047619047749e+00,-2.664493385986348439e-01
1.299845238095238109e+00,-2.656002355297833462e-01
1.302773809523809501e+00,-2.647895005760272369e-01
1.305702380952380892e+00,-2.638603249191504019e-01
1.308630952380952506e+00,-2.625291181432299892e-01
1.311559523809523897e+00,-2.607675212066734582e-01
1.314488095238095511e+00,-2.590125969857858812e-01
1.317416666666666680e+00,-2.582352256103736532e-01
1.320345238095238072e+00,-2.580750804343230342e-01
1.323273809523809685e+00,-2.575913085483368947e-01
1.326202380952380855e+00,-2.571075366623508107e-01
1.329128571428571437e+00,-2.565820603034347780e-01
1.332057142857142829e+00,-2.560165476505061322e-01
1.334985714285714442e+00,-2.555344439434371617e-01
1.337914285714285612e+00,-2.549655949326741777e-01
1.340842857142857225e+00,-2.541156577743640677e-01
1.343771428571428617e+00,-2.531939889226146323e-01
1.346700000000000008e+00,-2.521278557766361561e-01
1.349628571428571622e+00,-2.511337879598805056e-01
1.352557142857142791e+00,-2.499385377657113161e-01
1.355485714285714405e+00,-2.486647163445422914e-01
1.358411904761904765e+00,-2.475468696521308798e-01
1.361340476190476378e+00,-2.464627201738467666e-01
1.364269047619047548e+00,-2.453794047850212101e-01
1.367197619047619161e+00,-2.443357920544248774e-01
1.370126190476190553e+00,-2.431398745886888257e-01
1.373054761904761722e+00,-2.419734838897870666e-01
1.375983333333333336e+00,-2.406307666793378874e-01
1.378911904761904728e+00,-2.392063087019463130e-01
1.381840476190476341e+00,-2.379721899390064843e-01
1.384769047619047733e+00,-2.365382233417868685e-01
1.387695238095238093e+00,-2.353142804702419433e-01
1.390623809523809484e+00,-2.339271897005955059e-01
1.393552380952381098e+00,-2.325798015891782367e-01
1.396480952380952489e+00,-2.311645185958311477e-01
1.399409523809523881e+00,-2.297050288611785229e-01
1.402338095238095272e+00,-2.282702281745002670e-01
1.405266666666666664e+00,-2.268639533473061076e-01
1.408195238095238278e+00,-2.254131381430228009e-01
1.411123809523809447e+00,-2.240263810091597529e-01
1.414052380952381061e+00,-2.227253682716404670e-01
1.416978571428571421e+00,-2.212598730928859447e-01
1.419907142857143034e+00,-2.198200678694560983e-01
1.422835714285714204e+00,-2.184579997835676135e-01
1.425764285714285817e+00,-2.170402145218447432e-01
1.428692857142857209e+00,-2.155255080650329835e-01
1.431621428571428600e+00,-2.140204770459409322e-01
1.434549999999999992e+00,-2.125509782377850432e-01
1.437478571428571383e+00,-2.111006634871769316e-01
1.440404761904761965e+00,-2.097387622191800860e-01
1.443333333333333357e+00,-2.082841102033872738e-01
1.446261904761904971e+00,-2.068833403666198167e-01
1.449190476190476140e+00,-2.053637961909481890e-01
1.452119047619047754e+00,-2.040180762584481167e-01
1.455047619047619145e+00,-2.025736001340501802e-01
1.457976190476190315e+00,-2.012100306871361377e-01
1.460904761904761928e+00,-1.997650541090630616e-01
1.463833333333333320e+00,-1.982641935372639885e-01
1.466761904761904933e+00,-1.969311517645345733e-01
1.469690476190476103e+00,-1.954808370139264617e-01
1.472616666666666685e+00,-1.939734705443503238e-01
1.475545238095238076e+00,-1.923967078318189472e-01
1.478473809523809690e+00,-1.912061285386178755e-01
1.481402380952381082e+00,-1.896417103500737389e-01
1.484330952380952251e+00,-1.881053175673384203e-01
1.487259523809523865e+00,-1.867314054111377797e-01
1.490188095238095256e+00,-1.852260407562622835e-01
1.493116666666666870e+00,-1.838828230921379925e-01
1.496045238095238039e+00,-1.825069091212367378e-01
1.498971428571428621e+00,-1.811083079170616172e-01
1.501900000000000013e+00,-1.797577502657017046e-01
1.504828571428571626e+00,-1.782497165245587045e-01
1.507757142857142796e+00,-1.768134144768549743e-01
1.510685714285714409e+00,-1.754605213750110027e-01
1.513614285714285801e+00,-1.740444042922053569e-01
1.516542857142857192e+00,-1.727817596697815150e-01
1.519471428571428584e+00,-1.714395429130075588e-01
1.522399999999999975e+00,-1.701123397664883463e-01
1.525328571428571589e+00,-1.686468445877337685e-01
1.528257142857142981e+00,-1.672460747509663115e-01
1.531183333333333563e+00,-1.659954410167462924e-01
1.534111904761904732e+00,-1.646238643110297106e-01
1.537040476190476346e+00,-1.632691362123767920e-01
1.539969047619047737e+00,-1.619779657304689369e-01
1.542897619047618907e+00,-1.606897979706120583e-01
1.545826190476190520e+00,-1.594538442108633380e-01
1.548754761904761912e+00,-1.580775966041786107e-01
1.551683333333333525e+00,-1.567954342884236019e-01
1.554611904761904695e+00,-1.553648040490383797e-01
1.557538095238095277e+00,-1.542409519125250705e-01
1.560466666666666669e+00,-1.526523451296815936e-01
1.563395238095238282e+00,-1.516724568337220747e-01
1.566323809523809674e+00,-1.497865805678347262e-01
1.569252380952380843e+00,-1.491194758188490177e-01
1.572180952380952457e+00,-1.468592602039434092e-01
1.575109523809523848e+00,-1.466822664208291827e-01
1.578038095238095462e+00,-1.437042334178551539e-01
1.580966666666666631e+00,-1.446320745315982370e-01
1.583895238095238245e+00,-1.405278539416268402e-01
1.586821428571428605e+00,-1.434595115707028579e-01
1.589750000000000218e+00,-1.372815777687681205e-01
1.592678571428571388e+00,-1.434691870084225940e-01
1.595607142857142779e+00,-1.323531099758113727e-01
1.598535714285714393e+00,-1.452452971015585903e-01
