# T_lo_c: in-pass monitor series, written by write_monitor_tsv.py
# every sample in the final 400-iteration window (the window the
# convergence verdict is taken on) plus the history every 500 iterations
# S = least-squares d(theta)/d(y/H) over the five mid-width probes at
#     y/H = (0.3, 0.4, 0.5, 0.6, 0.7), theta = (T - T_cold)/dT, dT = 19.6 K
iteration	hotWall_int_snGradT	S	Uy_max_m_per_s	in_final_window
500	2.760205180e+01	0.194126690	1.751025355e-01	no
1000	2.733421326e+01	0.221202677	1.869838340e-01	no
1500	2.730440817e+01	0.227683189	1.875775035e-01	no
2000	2.729939827e+01	0.228165780	1.876180251e-01	no
2500	2.729988284e+01	0.228176004	1.876309154e-01	no
3000	2.730065654e+01	0.228156352	1.876418252e-01	no
3500	2.730128201e+01	0.228149120	1.876466192e-01	no
4000	2.730168671e+01	0.228150996	1.876470496e-01	no
4500	2.730185251e+01	0.228156454	1.876454983e-01	no
5000	2.730185444e+01	0.228161667	1.876436657e-01	no
5500	2.730178201e+01	0.228164594	1.876423739e-01	no
6000	2.730170121e+01	0.228165406	1.876417871e-01	no
6500	2.730164527e+01	0.228165325	1.876417152e-01	no
7000	2.730162070e+01	0.228164717	1.876419037e-01	no
7500	2.730161936e+01	0.228163732	1.876421635e-01	no
8000	2.730162933e+01	0.228163164	1.876423723e-01	no
8500	2.730164092e+01	0.228163345	1.876424589e-01	no
9000	2.730164912e+01	0.228163473	1.876424509e-01	no
9500	2.730165284e+01	0.228163263	1.876424321e-01	no
10000	2.730165315e+01	0.228163326	1.876424321e-01	no
10500	2.730165178e+01	0.228163650	1.876423987e-01	no
11000	2.730165010e+01	0.228163589	1.876423495e-01	no
11500	2.730164889e+01	0.228163398	1.876423439e-01	no
12000	2.730164833e+01	0.228163554	1.876423754e-01	no
12500	2.730164831e+01	0.228163673	1.876423909e-01	no
13000	2.730164849e+01	0.228163408	1.876423731e-01	no
13500	2.730164875e+01	0.228163311	1.876423542e-01	no
14000	2.730164890e+01	0.228163610	1.876423664e-01	no
14500	2.730164897e+01	0.228163634	1.876423833e-01	no
15000	2.730164896e+01	0.228163381	1.876423830e-01	no
15500	2.730164901e+01	0.228163434	1.876423626e-01	no
16000	2.730164896e+01	0.228163630	1.876423490e-01	no
16500	2.730164893e+01	0.228163468	1.876423616e-01	no
17000	2.730164890e+01	0.228163350	1.876423792e-01	no
17500	2.730164895e+01	0.228163636	1.876423729e-01	no
18000	2.730164887e+01	0.228163705	1.876423599e-01	no
18500	2.730164889e+01	0.228163368	1.876423699e-01	no
19000	2.730164890e+01	0.228163332	1.876423879e-01	no
19500	2.730164896e+01	0.228163674	1.876423768e-01	no
20000	2.730164888e+01	0.228163660	1.876423545e-01	no
20500	2.730164891e+01	0.228163377	1.876423670e-01	no
21000	2.730164885e+01	0.228163456	1.876424032e-01	no
21500	2.730164892e+01	0.228163646	1.876423956e-01	no
22000	2.730164889e+01	0.228163455	1.876423593e-01	no
22500	2.730164893e+01	0.228163353	1.876423585e-01	no
23000	2.730164887e+01	0.228163608	1.876423845e-01	no
23500	2.730164890e+01	0.228163644	1.876423917e-01	no
24000	2.730164884e+01	0.228163359	1.876423714e-01	no
24500	2.730164893e+01	0.228163364	1.876423518e-01	no
25000	2.730164891e+01	0.228163644	1.876423597e-01	no
25500	2.730164894e+01	0.228163562	1.876423784e-01	no
26000	2.730164890e+01	0.228163370	1.876423826e-01	no
26500	2.730164894e+01	0.228163523	1.876423650e-01	no
27000	2.730164885e+01	0.228163636	1.876423503e-01	no
27500	2.730164890e+01	0.228163386	1.876423632e-01	no
28000	2.730164891e+01	0.228163369	1.876423787e-01	no
28500	2.730164898e+01	0.228163708	1.876423704e-01	no
29000	2.730164891e+01	0.228163676	1.876423591e-01	no
29500	2.730164889e+01	0.228163329	1.876423780e-01	no
30000	2.730164886e+01	0.228163395	1.876423959e-01	no
30500	2.730164892e+01	0.228163689	1.876423761e-01	no
31000	2.730164888e+01	0.228163572	1.876423532e-01	no
31500	2.730164892e+01	0.228163365	1.876423689e-01	no
32000	2.730164891e+01	0.228163537	1.876424013e-01	no
32500	2.730164890e+01	0.228163635	1.876423942e-01	no
33000	2.730164887e+01	0.228163375	1.876423588e-01	no
33500	2.730164890e+01	0.228163379	1.876423582e-01	no
34000	2.730164890e+01	0.228163670	1.876423819e-01	no
34500	2.730164891e+01	0.228163599	1.876423892e-01	no
35000	2.730164893e+01	0.228163327	1.876423703e-01	no
35500	2.730164894e+01	0.228163434	1.876423518e-01	no
36000	2.730164890e+01	0.228163646	1.876423565e-01	no
36500	2.730164889e+01	0.228163477	1.876423755e-01	no
37000	2.730164894e+01	0.228163392	1.876423807e-01	no
37500	2.730164894e+01	0.228163619	1.876423670e-01	no
38000	2.730164891e+01	0.228163615	1.876423542e-01	no
38500	2.730164890e+01	0.228163319	1.876423680e-01	no
39000	2.730164891e+01	0.228163414	1.876423808e-01	no
39500	2.730164891e+01	0.228163750	1.876423672e-01	no
40000	2.730164891e+01	0.228163623	1.876423559e-01	no
40500	2.730164887e+01	0.228163319	1.876423843e-01	no
41000	2.730164891e+01	0.228163473	1.876424037e-01	no
41500	2.730164890e+01	0.228163670	1.876423764e-01	no
42000	2.730164889e+01	0.228163475	1.876423532e-01	no
42500	2.730164884e+01	0.228163385	1.876423704e-01	no
43000	2.730164890e+01	0.228163612	1.876423974e-01	no
43500	2.730164888e+01	0.228163597	1.876423907e-01	no
44000	2.730164893e+01	0.228163318	1.876423583e-01	no
44500	2.730164891e+01	0.228163427	1.876423572e-01	no
45000	2.730164892e+01	0.228163694	1.876423788e-01	no
45500	2.730164883e+01	0.228163536	1.876423865e-01	no
46000	2.730164891e+01	0.228163331	1.876423711e-01	no
46500	2.730164891e+01	0.228163513	1.876423520e-01	no
47000	2.730164894e+01	0.228163618	1.876423544e-01	no
47500	2.730164890e+01	0.228163396	1.876423728e-01	no
48000	2.730164897e+01	0.228163435	1.876423802e-01	no
48500	2.730164890e+01	0.228163700	1.876423666e-01	no
49000	2.730164889e+01	0.228163572	1.876423582e-01	no
49500	2.730164885e+01	0.228163280	1.876423748e-01	no
50000	2.730164896e+01	0.228163475	1.876423835e-01	no
50500	2.730164892e+01	0.228163759	1.876423641e-01	no
51000	2.730164893e+01	0.228163546	1.876423559e-01	no
51500	2.730164886e+01	0.228163336	1.876423872e-01	no
52000	2.730164890e+01	0.228163546	1.876424060e-01	no
52500	2.730164887e+01	0.228163624	1.876423752e-01	no
53000	2.730164893e+01	0.228163391	1.876423529e-01	no
53500	2.730164890e+01	0.228163435	1.876423721e-01	no
54000	2.730164892e+01	0.228163664	1.876423950e-01	no
54500	2.730164886e+01	0.228163538	1.876423856e-01	no
55000	2.730164891e+01	0.228163291	1.876423576e-01	no
55500	2.730164890e+01	0.228163486	1.876423545e-01	no
56000	2.730164894e+01	0.228163686	1.876423743e-01	no
56500	2.730164891e+01	0.228163470	1.876423844e-01	no
57000	2.730164895e+01	0.228163369	1.876423739e-01	no
57500	2.730164890e+01	0.228163589	1.876423531e-01	no
58000	2.730164890e+01	0.228163567	1.876423535e-01	no
58500	2.730164887e+01	0.228163335	1.876423721e-01	no
59000	2.730164895e+01	0.228163503	1.876423787e-01	no
59500	2.730164895e+01	0.228163753	1.876423627e-01	no
59600	2.730164888e+01	0.228163655	1.876424007e-01	yes
59650	2.730164891e+01	0.228163763	1.876423592e-01	yes
59700	2.730164891e+01	0.228163612	1.876423523e-01	yes
59750	2.730164889e+01	0.228163643	1.876423917e-01	yes
59800	2.730164889e+01	0.228163677	1.876423588e-01	yes
59850	2.730164886e+01	0.228163558	1.876423541e-01	yes
59900	2.730164886e+01	0.228163595	1.876423872e-01	yes
59950	2.730164890e+01	0.228163539	1.876423617e-01	yes
60000	2.730164890e+01	0.228163517	1.876423632e-01	yes
