iteration,$U_x$,$U_z$,$T$,$p_{rgh}$
1,1.0,1.0,1.0,1.0
2,0.3451408798,0.4833777845,0.1326887489,0.2526611813
3,0.3055643561,0.393604505,0.0843535375,0.2257256405
4,0.1607829109,0.2131868831,0.06258380606,0.2809154541
5,0.04092510899,0.04144122875,0.04919909468,0.3171077776
6,0.08342900685,0.1002160546,0.03670888381,0.4711733224
7,0.1218844993,0.1443209324,0.03114012973,0.4864102875
8,0.07906307129,0.09737722023,0.02646147359,0.6153522085
9,0.02539982205,0.0351820302,0.02361583453,0.4878006423
10,0.05966014009,0.07611580668,0.02107102843,0.3143464174
11,0.05462631396,0.0687799481,0.01924990382,0.3090088841
12,0.02725865201,0.02860827779,0.01792918783,0.3007689671
13,0.01381529173,0.01776316401,0.01651349374,0.25733672
14,0.02660778371,0.03484551755,0.01499789135,0.2676939186
15,0.02245487941,0.02836649564,0.01371505126,0.3018446688
16,0.009969686171,0.008967673458,0.01291822674,0.2731364364
17,0.01283145629,0.01469100873,0.01242137608,0.2179166656
18,0.01613892235,0.01900135112,0.01198525835,0.2023460917
19,0.01262652122,0.01264053615,0.01150177624,0.1879377279
20,0.007443525368,0.004691268356,0.01098053203,0.1606218748
21,0.007128691461,0.00790248485,0.01043969346,0.1389087728
22,0.007576634019,0.008440540529,0.009958878838,0.1337556627
23,0.006340588998,0.005228196297,0.009571893837,0.129515199
24,0.005826206032,0.004422507615,0.009241340362,0.118292552
25,0.006758088828,0.006094849526,0.00894021276,0.110450037
26,0.006661309798,0.005622463425,0.008660713215,0.1057568593
27,0.005756252727,0.003995442442,0.008402044067,0.09744092806
28,0.005167163932,0.003561010255,0.008148543298,0.08751047523
29,0.005183285303,0.003934486989,0.007906919827,0.08217237919
30,0.005038258468,0.003626213986,0.007684431644,0.07966959921
31,0.004837760935,0.003213131651,0.007486549353,0.07689884606
32,0.004891108464,0.003469462408,0.00729931327,0.07348992348
33,0.004915073298,0.003541836258,0.007128121756,0.07046369231
34,0.004788574955,0.003309863386,0.006970143938,0.06707801785
35,0.004648823372,0.003107826314,0.006816610112,0.06313722786
36,0.004589009615,0.003146632991,0.00667105585,0.06008175348
37,0.004538641496,0.003126496384,0.006531074433,0.05837687245
38,0.004475294337,0.003049674762,0.006399630139,0.05709548063
39,0.004432260384,0.003036164745,0.006279592651,0.05566153438
40,0.00440731041,0.003044914647,0.006164586717,0.05404035569
41,0.004377854606,0.003016487045,0.006053121623,0.05239899169
42,0.004347870253,0.002986490532,0.005948585825,0.05066897416
43,0.004322992463,0.002983575474,0.005844946573,0.04913315018
44,0.004296506503,0.002979543782,0.005750050767,0.04803784766
45,0.004265839084,0.00296377389,0.005656434488,0.04725228025
46,0.00423800338,0.002946340293,0.005567584763,0.04641669996
47,0.004215518228,0.002933156919,0.005481789806,0.04546016428
48,0.004198063483,0.002923710978,0.005399607499,0.04442973156
49,0.004182874211,0.002918427967,0.00532481932,0.04349037979
50,0.004169098183,0.00291624478,0.005250482506,0.04259028378
51,0.0041544288,0.002913254999,0.005178193367,0.04184096032
52,0.004137653939,0.002906865761,0.005109966422,0.04123334229
53,0.004121003098,0.002898113108,0.005045060239,0.04073168245
54,0.004106584343,0.002889341835,0.00498086265,0.04021248933
55,0.004094207233,0.002882439182,0.004917686235,0.03964810934
56,0.004083304902,0.002877254277,0.004859923596,0.03904492829
57,0.004072884361,0.002873039599,0.004804368412,0.03855863754
58,0.004063647177,0.002868363515,0.004751380735,0.03805978216
59,0.004055090129,0.002862364727,0.004699990051,0.03760196113
60,0.004047951888,0.00285507119,0.004649624515,0.03714207451
61,0.004042732712,0.002846913028,0.004600903697,0.03674559784
62,0.004039027953,0.002838508413,0.004555153135,0.03639497058
63,0.00403709156,0.002830053104,0.004508404624,0.03609816875
64,0.004036595394,0.00282186873,0.00446266457,0.03577249862
65,0.004037219119,0.002813559417,0.004420751263,0.03545849246
66,0.004038377906,0.00280516298,0.004379398324,0.03511911584
67,0.004040390989,0.002796327772,0.004338673664,0.03478780415
68,0.004043334356,0.002787139389,0.004299985051,0.03449144428
69,0.004046616074,0.002777539968,0.00426435315,0.03429992543
70,0.004050319941,0.00276799715,0.004228732054,0.0341161781
71,0.004054710195,0.002758443721,0.004194671091,0.03394129804
72,0.004058906522,0.002748826013,0.00416080375,0.03377855852
73,0.004062410711,0.002739459963,0.004128605909,0.03359225555
74,0.004065793581,0.002730152336,0.004094441701,0.03334229315
75,0.004068998356,0.002720859528,0.004063992683,0.03311346671
76,0.004071844837,0.002711677112,0.004033993976,0.03295381097
77,0.004074198262,0.002702600914,0.004005375125,0.03287264473
78,0.004076263678,0.002693434361,0.003976382283,0.03279440383
79,0.004077958787,0.002684644562,0.003949920971,0.032786415
80,0.004079323971,0.002675654532,0.003922454734,0.03281503317
81,0.004080291075,0.002666323269,0.003895196345,0.03280274737
82,0.004081198651,0.002656978242,0.003869983623,0.03271677846
83,0.004081775891,0.002647556704,0.00384334741,0.03260882297
84,0.00408222954,0.002638366199,0.003816522371,0.0324691917
85,0.004082132016,0.002629304392,0.003789503339,0.03228096662
86,0.004081838839,0.002620334361,0.003763946381,0.03209169799
87,0.004081845066,0.002611420408,0.003737859027,0.03188355297
88,0.004081797052,0.002602795114,0.003712753181,0.03169857583
89,0.004081438763,0.002594127071,0.003687320664,0.03165391899
90,0.004081051379,0.002585614294,0.003660214778,0.03163560275
91,0.004080804776,0.002577235414,0.003631488209,0.03163928535
92,0.004080543972,0.002568791472,0.003603070388,0.03164038981
93,0.00408069421,0.002560281318,0.003573641223,0.03158932885
94,0.004081194103,0.002551925677,0.003541281783,0.03151531271
95,0.004081977166,0.002543818939,0.003509442487,0.0314422307
96,0.004083245007,0.002536139493,0.003475975376,0.03140894704
97,0.004085453927,0.002528816953,0.003442002108,0.03134133625
98,0.004088527158,0.002521668649,0.00340590245,0.03126026783
99,0.004092281287,0.002514826512,0.003369045089,0.03119544902
100,0.004096119156,0.00250803231,0.003329497699,0.031131616
101,0.004100762641,0.00250147148,0.003289345204,0.03105382042
102,0.00410651115,0.002495047318,0.003249004231,0.03098499116
103,0.004113477651,0.002488948665,0.003207249018,0.03093802751
104,0.004121317513,0.002483298496,0.003164567755,0.03089539842
105,0.004129922939,0.002478001311,0.003121806952,0.03096042256
106,0.004139519536,0.002472955899,0.003078354197,0.03098649987
107,0.004150165547,0.002468170393,0.003036157538,0.03098118576
108,0.004161894351,0.002463718404,0.002996252917,0.03101141618
109,0.004175062608,0.00245957543,0.0029579522,0.03108207474
110,0.004189342555,0.002455759232,0.002921951377,0.03113990683
111,0.004204513309,0.00245219377,0.002887015285,0.03116865031
112,0.00422060364,0.002449088089,0.002855399418,0.03118593721
113,0.004238185444,0.002446229589,0.002825175353,0.03122757706
114,0.004256904161,0.002443719822,0.002799098167,0.031250014
115,0.004276501341,0.002441561521,0.002772413815,0.03134676451
116,0.004296439589,0.002439573096,0.002747595986,0.03136737324
117,0.004316740869,0.002437838855,0.00272243788,0.03140626568
118,0.004337700165,0.002436370483,0.002697622631,0.03141145646
119,0.004360001509,0.002435331598,0.002673401609,0.03141204409
120,0.004382902739,0.002434573261,0.002650517245,0.03138114278
121,0.004405595163,0.002433902734,0.002627515374,0.03143148489
122,0.004428431604,0.002433338106,0.002604962416,0.03145899585
123,0.004451766329,0.002432770787,0.00258300122,0.03146886571
124,0.004475004373,0.002432402449,0.002560871755,0.03151461404
125,0.004497668695,0.002432086069,0.002539645025,0.03155275067
126,0.004520102736,0.002431584952,0.002517735566,0.03160832517
127,0.004541944465,0.002431052898,0.00249585449,0.03166306789
128,0.004563260869,0.00243026649,0.002475770183,0.03169930058
129,0.00458377449,0.002429271826,0.002454525752,0.03175805329
130,0.004602740815,0.002428017067,0.002434000571,0.03182990221
131,0.00462042498,0.002426394064,0.002412151379,0.03189386106
132,0.004636008745,0.002424376446,0.002390507461,0.03194351664
133,0.004650166324,0.002421963851,0.002370119981,0.03195847817
134,0.004662709528,0.002419241596,0.002349806996,0.03196933777
135,0.00467379645,0.002416067824,0.002330214534,0.03193763675
136,0.004682655336,0.002412508201,0.002310700576,0.03200659011
137,0.00468893028,0.002408464704,0.002291449321,0.03202274431
138,0.004693247296,0.002404023608,0.002272203947,0.03197943712
139,0.004695147306,0.00239933673,0.002254060605,0.03200604095
140,0.004695856571,0.002394289342,0.002236659564,0.03203927697
141,0.004694963211,0.002388974285,0.002219871007,0.03208013544
142,0.004692303055,0.002383575777,0.002203037453,0.03208424914
143,0.004688833692,0.002377970861,0.002187780952,0.03209898003
144,0.004684837495,0.002372159439,0.002172887833,0.03210530193
145,0.004680201715,0.00236635021,0.002157430944,0.03211052989
146,0.00467468466,0.002360546499,0.0021424881,0.0321344152
147,0.004669267272,0.002354949381,0.002126886797,0.03217339677
148,0.004664057899,0.002349439188,0.002111441191,0.0322334168
149,0.004659546178,0.002343620781,0.002096218895,0.0323363331
150,0.004654909335,0.002337746577,0.002079791582,0.03240847336
151,0.004651360155,0.00233206505,0.002063574101,0.03248199388
152,0.00464927147,0.002326475164,0.002046579265,0.03254078614
153,0.004646486967,0.002321156415,0.002030921636,0.03268296974
154,0.004643885163,0.002315783414,0.002014651133,0.03274234587
155,0.004641485979,0.002310434173,0.001998667907,0.03282452548
156,0.004638888862,0.002305060257,0.001983093518,0.03291512454
157,0.004636834941,0.002299832286,0.001967882081,0.03305638323
158,0.004634675658,0.002294948672,0.001952520089,0.03321150189
159,0.004632537108,0.002290169243,0.001937460153,0.03333587658
160,0.004630453727,0.00228538881,0.001922468852,0.03346142637
161,0.004628149014,0.002281035492,0.001908134374,0.03359746043
162,0.004625909728,0.002276972605,0.001894620597,0.03370146705
163,0.004624312385,0.002273002862,0.001881148931,0.03388314814
164,0.004623232431,0.00226946361,0.001867540547,0.03407068393
165,0.004622197526,0.002266229691,0.001854623178,0.03425117942
166,0.004621733813,0.002263211467,0.001842561243,0.03435349788
167,0.004622007475,0.002260592961,0.001830184701,0.03443289203
168,0.004622773357,0.002258466479,0.001818105851,0.03452687384
169,0.004624844661,0.002256706514,0.00180563549,0.03464762677
170,0.004627579931,0.002255322627,0.001795024937,0.03472128099
171,0.00463056629,0.002254315865,0.001783636815,0.03475101805
172,0.004635054109,0.002253815723,0.001772477156,0.03472768763
173,0.004639794583,0.002253508802,0.001760846699,0.03478764
174,0.004644802965,0.002253320281,0.00175045067,0.03481304093
175,0.004650287852,0.002253012137,0.00174017846,0.03481074352
176,0.004656416386,0.002252776164,0.001730056149,0.03482355674
177,0.004663624447,0.002252319283,0.001721566539,0.03484911597
178,0.004670580448,0.00225202462,0.001713051103,0.03487044667
179,0.004677264782,0.002251829758,0.001703135427,0.03488398447
180,0.004684900798,0.002251097185,0.001693860247,0.03491204301
181,0.004692313924,0.002249850648,0.001684758461,0.03489591904
182,0.004699134361,0.002248110824,0.001675868061,0.03491129809
183,0.004705750551,0.002245834938,0.001668086071,0.0349223059
184,0.004712460503,0.002243171908,0.001661431439,0.03493790899
185,0.004718787648,0.002240294116,0.001655321152,0.03495210782
186,0.004723989681,0.00223653487,0.001649373031,0.03494653614
187,0.004728353477,0.002231842343,0.001643253132,0.03491551858
188,0.004732580397,0.002226597523,0.001637889658,0.03488393787
189,0.004736146793,0.002220781507,0.001633629991,0.03484311818
190,0.004738698452,0.002214366689,0.001629022087,0.03481747343
191,0.004740730929,0.002207269691,0.001624597405,0.03478197186
192,0.004742361352,0.002199363314,0.001620274997,0.0347413426
193,0.004742940978,0.002190619595,0.001616223251,0.03466503369
194,0.004742250157,0.002181186846,0.001611617074,0.0346026467
195,0.004740644204,0.002171065536,0.001607128236,0.03456896906
196,0.004739082003,0.002160420968,0.001603281951,0.03453557568
197,0.004736522888,0.002148932599,0.001599712043,0.0345118661
198,0.004732287155,0.002136584168,0.001595920932,0.03450821023
199,0.004726986293,0.002123641319,0.001593454888,0.03448635898
200,0.004721116447,0.002110050049,0.001590579373,0.03449016791
201,0.004714755878,0.002096191055,0.001588292574,0.03451062617
202,0.004707669694,0.00208180186,0.001586248748,0.03452253559
203,0.004699200601,0.002066609073,0.001584027172,0.0345215409
204,0.004689672005,0.002050624569,0.001582286297,0.03454441958
205,0.004679756092,0.00203387586,0.001581172038,0.03460148996
206,0.004669667393,0.002016624976,0.001579408826,0.03463533327
207,0.004658607082,0.001999211305,0.001577543823,0.03465754032
208,0.004646494736,0.001981544575,0.001576709424,0.03464124227
209,0.004633523474,0.001963511798,0.001575929338,0.03462562414
210,0.004620097299,0.001944948688,0.001575474155,0.03458204945
211,0.004605815251,0.001926469956,0.001575045108,0.03454163105
212,0.004591070243,0.001908074214,0.001574647256,0.03444311421
213,0.004575289018,0.001889662805,0.001573940638,0.03439321149
214,0.004558858221,0.001871435467,0.001573095242,0.03434791876
215,0.004541849209,0.001853577342,0.001572210512,0.03429499585
216,0.004523457898,0.001836342468,0.001570520449,0.03422051926
217,0.004504066157,0.001819482164,0.001568797337,0.03414081559
218,0.004484328477,0.001802825756,0.001567477094,0.03402453939
219,0.004463613773,0.001786408072,0.001565794253,0.03386453178
220,0.004441850896,0.001770654483,0.001564721428,0.03374404571
221,0.004419664486,0.001755577665,0.001562936032,0.03366769578
222,0.004397025607,0.001741288843,0.001561512342,0.03360336748
223,0.004373836525,0.001727432397,0.001560343064,0.03351902091
224,0.004350472295,0.001713968986,0.001558727406,0.03343497378
225,0.004326804236,0.001701084343,0.001557816688,0.03335248741
226,0.004302979576,0.001688730297,0.001556874884,0.0332546057
227,0.004278817112,0.001676834043,0.001555914333,0.03308581314
228,0.004254646643,0.001665528849,0.001554695872,0.03288983079
229,0.004230627342,0.001654905079,0.001553842861,0.03265254594
230,0.004206659031,0.001644782855,0.001552650903,0.03244639886
231,0.004182726139,0.001635320287,0.001551348879,0.03230262606
232,0.004158133536,0.001626225114,0.001549791355,0.03221133997
233,0.004133985614,0.001617742779,0.001548375931,0.03210433328
234,0.00411005497,0.001609667139,0.001546973985,0.03204793109
235,0.004086457989,0.001601837488,0.00154609425,0.03200020594
236,0.004063393644,0.001594292881,0.001545429824,0.03193575634
237,0.004041217414,0.001587128621,0.001544054009,0.03185676561
238,0.00401969244,0.001580354515,0.001542532621,0.03176336065
239,0.003998685494,0.00157374141,0.001540670741,0.03160517871
240,0.003978536993,0.001567343796,0.001538713346,0.03143966054
241,0.003959134911,0.001561264314,0.001536137085,0.03129531626
242,0.0039402128,0.001555504229,0.001533090336,0.03118103544
243,0.003922044844,0.001549966268,0.001529597141,0.03113444747
244,0.003904981148,0.001544692908,0.001525925889,0.03107611114
245,0.003888698444,0.00153964592,0.001521561827,0.03103543181
246,0.003873341104,0.001534820382,0.001517511184,0.03096755833
247,0.003858867531,0.001530395545,0.001513278723,0.03085386854
248,0.003845419232,0.001526290708,0.001509584053,0.03073884714
249,0.003833179324,0.001522565633,0.001505493535,0.03067531812
250,0.003822081084,0.001519047095,0.001501733765,0.03065825196
251,0.003811949933,0.001515792107,0.001497338731,0.03062157922
252,0.003803021272,0.001512791826,0.001493679619,0.03062069454
253,0.003795664115,0.001510167562,0.001490105894,0.03056572892
254,0.003789951476,0.001507741636,0.001486663855,0.030464746
255,0.003785992249,0.001505625369,0.001482966789,0.03035998171
256,0.003783309093,0.001503753262,0.001478899331,0.03023889299
257,0.003782212949,0.001502070078,0.001474711621,0.03015101167
258,0.003782634673,0.001500576728,0.001471030341,0.03008896038
259,0.003784504825,0.001499105863,0.001466828196,0.03001236867
260,0.003787097332,0.001497617092,0.001463685031,0.02991169555
261,0.003790765999,0.001495956078,0.001460551239,0.02977348225
262,0.003795251494,0.001494252054,0.001457897889,0.02961014503
263,0.003800373516,0.001492277171,0.001455873665,0.02947550949
264,0.003805433506,0.001490056605,0.001454118546,0.02937504952
265,0.003810412453,0.001487633563,0.001452510481,0.02925656433
266,0.003815073957,0.001484954515,0.001451758565,0.02908598406
267,0.003819569345,0.001481975423,0.001452092481,0.02887882076
268,0.003823786278,0.001478695154,0.001452211672,0.02877440939
269,0.003827212553,0.001475237668,0.001452000497,0.02868273815
270,0.003829982848,0.001471617441,0.001451942209,0.0285511675
271,0.003831927382,0.001467806827,0.001451444379,0.02839615103
272,0.003833114899,0.001463903522,0.001451892506,0.02823181102
273,0.003833222603,0.001459875381,0.001453265755,0.02811134935
274,0.003832672458,0.00145558896,0.001454155121,0.02807427074
275,0.003831158554,0.001451025198,0.001454841452,0.02804246453
276,0.003828388014,0.001446345892,0.001454591372,0.02799263547
277,0.003824099155,0.001441804129,0.0014539168,0.02792001587
278,0.003818596896,0.001437143314,0.001452737036,0.02784594446
279,0.003812048013,0.001432345399,0.001450873324,0.02780117734
280,0.003804018127,0.001427423705,0.001449088786,0.02775337278
281,0.003794645356,0.001422341928,0.001446220704,0.02770856961
282,0.003784403307,0.001417149843,0.001443090129,0.02762200146
283,0.003772805275,0.001411844252,0.001439122208,0.0275368157
284,0.003760205688,0.001406345429,0.001434516143,0.02743930646
285,0.003746568349,0.001400810739,0.001429982444,0.02733778625
286,0.003731386424,0.001395216911,0.001425191378,0.02723139091
287,0.003715064093,0.001389750416,0.001420439226,0.02711174864
288,0.003697717327,0.001384267328,0.001414910921,0.02699192022
289,0.003679530888,0.001378750222,0.001407933298,0.02685139024
290,0.003660697643,0.00137326851,0.001400819336,0.02671950086
291,0.003641117018,0.001367696547,0.001393774564,0.02660099357
292,0.003621202477,0.00136210905,0.001386751689,0.02647084581
293,0.003600566801,0.001356561138,0.001379435769,0.02632577448
294,0.003579477887,0.001351108764,0.001371108838,0.0261757609
295,0.003557715654,0.001345830504,0.001362793299,0.0260416037
296,0.003535876999,0.001340548892,0.001354617268,0.0259326658
297,0.003513781004,0.001335187374,0.0013456154,0.0258240703
298,0.003491274534,0.001329824753,0.001337186445,0.02571151605
299,0.003468791007,0.001324350823,0.001327613453,0.02561383874
300,0.003446440476,0.001318755158,0.001318216193,0.02554391508
301,0.003424080075,0.001313002563,0.001308081404,0.02547342332
302,0.003401610416,0.001307167655,0.001297526863,0.02538028451
303,0.003379170829,0.00130123424,0.00128669148,0.02527891361
304,0.003356629561,0.001295272839,0.001276723355,0.02519162921
305,0.00333445575,0.001289203787,0.001266014736,0.02508684154
306,0.003312943092,0.001282986222,0.001254670681,0.02499528586
307,0.003292119281,0.001276722969,0.001243956047,0.02490114089
308,0.003272025432,0.001270421511,0.001234476286,0.02482204682
309,0.003252613674,0.0012641335,0.001224923605,0.02474912554
310,0.003234376035,0.001257854822,0.001215846709,0.02468055414
311,0.003217112911,0.001251578128,0.001206818154,0.02462876796
312,0.003200784883,0.001245239394,0.001198592671,0.02456953463
313,0.003185547524,0.001239057133,0.001189431725,0.02450659195
314,0.003171523993,0.001232940852,0.001180173852,0.02445271708
315,0.003158488071,0.001227014104,0.001170669115,0.02439872505
316,0.003146019635,0.001221161639,0.001162010039,0.02435024491
317,0.00313429831,0.001215460819,0.001154042974,0.02428015988
318,0.003123667779,0.001209884184,0.001146452222,0.02420448911
319,0.003113434145,0.001204410325,0.001139025609,0.02412992548
320,0.003103475506,0.001199029886,0.001132723968,0.02404306
321,0.003093844216,0.00119378157,0.001126703121,0.02395839185
322,0.00308486204,0.001188705159,0.001121239523,0.02389713164
323,0.003076222007,0.001183793779,0.001115921218,0.02382646856
324,0.003067844749,0.001178844141,0.001111217658,0.02374473773
325,0.003059838831,0.001173918701,0.001105671556,0.02366305003
326,0.003051640289,0.001169120591,0.001100696371,0.02357696931
327,0.00304371664,0.00116445307,0.001096664276,0.0234770594
328,0.00303618931,0.001159886291,0.001093722717,0.02340836463
329,0.003028690738,0.001155371836,0.001091328323,0.02334461127
330,0.003020858658,0.001150958982,0.001089663676,0.02328291082
331,0.003013023873,0.001146732073,0.001088281204,0.02324342884
332,0.003005181982,0.001142486067,0.00108829705,0.0231836527
333,0.002997936412,0.001138345351,0.001088751965,0.02312124625
334,0.002990841066,0.001134322731,0.001089994743,0.02305453029
335,0.002984045264,0.001130420965,0.00109168096,0.02297728633
336,0.002976702666,0.001126555605,0.001093600115,0.02291359299
337,0.002969268766,0.001122712097,0.001096005842,0.02285730081
338,0.002961968592,0.001118947654,0.001098575022,0.02279037256
339,0.002954270068,0.001115427748,0.001101927213,0.02270690963
340,0.002946160721,0.001112037082,0.001105708251,0.02262746688
341,0.002937976605,0.001108772184,0.001109752237,0.02255823095
342,0.002929889987,0.001105616813,0.001113742015,0.02247978368
343,0.002921549387,0.001102398898,0.00111819335,0.02240956193
344,0.002912498293,0.001099207715,0.00112283668,0.0223462009
345,0.002903197708,0.001096136661,0.001128027155,0.02228223089
346,0.00289336717,0.001093109034,0.001133549361,0.02222873513
347,0.002883193829,0.001089986785,0.001138757507,0.02217327833
348,0.002872050368,0.001086716463,0.001143960875,0.02212752081
349,0.002860529993,0.00108338764,0.001149140544,0.02208803468
350,0.00284874458,0.001079900571,0.001154370937,0.0220638398
351,0.002836597106,0.001076176204,0.001159285178,0.02203458983
352,0.002823805685,0.001072259105,0.001164411967,0.02201241132
353,0.002810732558,0.001068259905,0.001168819578,0.02200635799
354,0.002796937435,0.00106399484,0.001172959639,0.02201237464
355,0.002782857039,0.001059422741,0.001176622582,0.02202148708
356,0.002768134895,0.001054597767,0.001180621565,0.02201111057
357,0.002752367142,0.001049442911,0.001183684919,0.02202159517
358,0.002735638122,0.001044041015,0.001186982377,0.02205788681
359,0.002718736574,0.001038312144,0.001188924163,0.02208836595
360,0.002700903854,0.001032377623,0.001191678441,0.02209848002
361,0.002682586064,0.001026134283,0.001193655085,0.02209107055
362,0.002664092124,0.001019674778,0.001195505886,0.022109121
363,0.002645606403,0.001012962702,0.001197001438,0.02212852423
364,0.002627483615,0.001005934808,0.00119875723,0.0221341133
365,0.002609905814,0.0009986776988,0.001200153202,0.02211319272
366,0.002592612758,0.0009911798309,0.00120087989,0.02209538113
367,0.002575813303,0.0009836940216,0.001202194876,0.02210350069
368,0.00255942234,0.0009762195617,0.001202692914,0.02212633566
369,0.002543725431,0.0009688446276,0.001203166197,0.02211417749
370,0.00252895372,0.0009615658978,0.001203670896,0.02207676022
371,0.002514667345,0.0009543391405,0.001203871085,0.02202378237
372,0.002500895015,0.0009472046507,0.001203657166,0.02197111655
373,0.002487651373,0.0009399546068,0.001203186456,0.02189822023
374,0.002474849069,0.0009324542992,0.001202693787,0.02178792815
375,0.002462563481,0.0009248627081,0.00120207429,0.0216660468
376,0.00245116705,0.0009171791992,0.001201349057,0.02154643544
377,0.002439997187,0.0009095349791,0.001200301848,0.02143414395
378,0.002428779647,0.0009019002379,0.001199523276,0.02131956067
379,0.002417351569,0.000894115343,0.001198537459,0.02122072599
380,0.002405990279,0.000886313695,0.001197386471,0.02113965456
381,0.002394292232,0.0008784115489,0.001196212878,0.0210633027
382,0.002382085164,0.0008705577442,0.001194941549,0.0209957167
383,0.002369135523,0.0008626979403,0.001193183096,0.02091499256
384,0.002355541571,0.0008548771735,0.001191631558,0.020822684
385,0.002340837055,0.0008470901346,0.001190337296,0.02074013794
386,0.002325125315,0.0008394122859,0.00118839983,0.02064795734
387,0.002309258349,0.0008317608905,0.001186435841,0.02054030436
388,0.002291939719,0.0008240528968,0.001184328778,0.02043398174
389,0.00227304459,0.0008162760699,0.001181845704,0.02029161974
390,0.002253082307,0.0008085189949,0.001178543627,0.02012301267
391,0.002232087815,0.0008007680062,0.001175112,0.01995564004
392,0.002209611288,0.0007930315935,0.001171176889,0.01977035694
393,0.002186208546,0.0007854602577,0.001166702642,0.01957391549
394,0.002162186887,0.0007779423229,0.001161720313,0.01940588278
395,0.002136941851,0.0007703187213,0.001156327148,0.01925922761
396,0.002110768923,0.0007627744383,0.001150584935,0.01911890145
397,0.002084454712,0.0007552530185,0.001144553574,0.01899150737
398,0.00205791813,0.0007478282906,0.001137630683,0.0188999183
399,0.002031062549,0.0007404438766,0.001130682294,0.01881628725
400,0.002003955675,0.0007330550258,0.001122833819,0.01871501355
401,0.00197677197,0.0007257762534,0.00111490688,0.0186194774
402,0.001950420773,0.0007185839288,0.001107041215,0.01851199068
403,0.001924368447,0.0007114857848,0.001098297117,0.01840699101
404,0.001898597974,0.0007044966679,0.001089558986,0.01830793785
405,0.001873515307,0.0006977301445,0.001080641025,0.01820749129
406,0.001849127312,0.0006911555241,0.001072593664,0.01810263671
407,0.001825497768,0.0006847593555,0.001064461205,0.01798449331
408,0.00180279371,0.0006785461994,0.001056394292,0.01785857612
409,0.001780552798,0.0006724694682,0.001048411814,0.01773380877
410,0.00175927849,0.0006665913798,0.001040506951,0.01762037861
411,0.001738899633,0.0006609148857,0.001032941814,0.01750425515
412,0.00171972654,0.0006555063001,0.001025082058,0.01739162277
413,0.001701253231,0.00065037572,0.001017733756,0.01728312281
414,0.001683742383,0.0006453974142,0.001010728451,0.01716494309
415,0.001667283703,0.0006406180461,0.001003843989,0.01703862952
416,0.001651521315,0.0006360010093,0.000997114566,0.01691492171
417,0.001636369644,0.0006315138563,0.0009909270587,0.0167978403
418,0.001622107096,0.000627162717,0.0009850367659,0.01670553004
419,0.001608969323,0.0006229526071,0.0009794596056,0.01662929276
420,0.001596562496,0.0006188471747,0.0009736942236,0.01653989186
421,0.001584541224,0.0006148761463,0.0009686294457,0.01644164926
422,0.001573294859,0.0006110172953,0.0009638039647,0.01636125013
423,0.001562894645,0.0006072576727,0.000959180887,0.01629649791
424,0.001552694301,0.0006035838807,0.0009547401531,0.01626377368
425,0.001542868903,0.0005999748205,0.0009506726622,0.01621899309
426,0.001533555641,0.0005964623966,0.0009461564852,0.01614854416
427,0.001524429119,0.0005930648025,0.0009426819096,0.01607840114
428,0.0015151115,0.000589721332,0.0009388908721,0.01602700344
429,0.001505723207,0.0005864961195,0.0009357135147,0.01599164994
430,0.001496485164,0.0005833881388,0.0009324144634,0.01595599189
431,0.001487053309,0.0005802883727,0.0009295086117,0.01592172474
432,0.001477432163,0.0005771529981,0.0009266668471,0.01589868066
433,0.001467650491,0.0005740013626,0.0009244448777,0.01587103216
434,0.001457811834,0.0005708351,0.0009217473171,0.01583518035
435,0.001447480603,0.0005676887677,0.0009193889909,0.01580847521
436,0.001436884688,0.0005646000413,0.0009177705871,0.01578132062
437,0.00142600664,0.0005615590412,0.0009159158601,0.01573884074
438,0.001415080318,0.0005584741335,0.0009140269567,0.01570818362
439,0.001404032764,0.0005552681938,0.000912206564,0.0156721875
440,0.001392876129,0.0005519689067,0.0009104292109,0.01563379588
441,0.001381647872,0.0005485808115,0.0009080905579,0.0155824344
442,0.001370189968,0.0005450660742,0.0009059306568,0.01551492884
443,0.001358656637,0.0005414045901,0.0009035137081,0.01544926309
444,0.001347127658,0.0005376016132,0.0009007982413,0.01537645323
445,0.001335780259,0.0005337394514,0.0008978675965,0.01529270691
446,0.001324581934,0.0005297421595,0.0008947760755,0.01520655605
447,0.001313250675,0.0005256448624,0.0008912658552,0.01511134648
448,0.00130216438,0.0005215784312,0.0008874884528,0.01500454689
449,0.001291089015,0.0005174893663,0.0008834630036,0.0148942296
450,0.001280395587,0.000513329957,0.0008790935592,0.01478331815
451,0.001269967017,0.0005092055836,0.0008747992844,0.0146632917
452,0.001259867598,0.0005051131616,0.000870025385,0.01454200682
453,0.001250236763,0.0005009913269,0.0008656132959,0.01441686406
454,0.001240937968,0.0004969581803,0.000861201049,0.01430409757
455,0.001231739137,0.0004931237648,0.0008567602006,0.01419742912
456,0.00122265145,0.000489354222,0.0008524833533,0.01408981092
457,0.001213865279,0.0004856581222,0.0008482281011,0.01397922789
458,0.00120510643,0.0004822174786,0.0008434586225,0.01386863163
459,0.001196345972,0.0004789141976,0.0008392558184,0.01375754749
460,0.001187864356,0.0004757894807,0.0008349853718,0.0136561795
461,0.001179387878,0.0004728480636,0.0008310339359,0.01355000687
462,0.001170753802,0.0004700218294,0.0008266763441,0.01344781482
463,0.001162142674,0.0004673043854,0.0008224942418,0.0133561763
464,0.001153435615,0.00046460378,0.0008187162623,0.01326306956
465,0.00114476407,0.0004618152855,0.0008154978703,0.01317716919
466,0.001136109522,0.0004589932876,0.0008123647323,0.01309429105
467,0.001127174254,0.0004561486062,0.0008092661355,0.01300200587
468,0.00111810781,0.0004532207783,0.000806475902,0.01290998822
469,0.001108914191,0.0004502001997,0.0008042423479,0.01281697048
470,0.001099759119,0.0004470975421,0.0008022874751,0.0127223496
471,0.001090560958,0.0004439088604,0.000800928775,0.01263565522
472,0.001081368504,0.0004407420252,0.0007990407618,0.01255022795
473,0.001072134732,0.0004375716044,0.0007971863369,0.01245950064
474,0.001062920899,0.0004343661849,0.0007962739945,0.01235668649
475,0.001053792984,0.0004311263267,0.000795192305,0.01225682034
476,0.001044753099,0.0004279016886,0.000794230732,0.01217016749
477,0.001035877281,0.0004247379353,0.0007927863399,0.01208523561
478,0.001027184398,0.0004216425004,0.0007913431607,0.0119897896
479,0.001018653118,0.0004185833099,0.0007893185863,0.01188726045
480,0.001010247409,0.0004155896107,0.0007868488312,0.01179046738
481,0.001002111609,0.0004126423496,0.0007837649699,0.01169016354
482,0.0009942986324,0.0004097174322,0.0007804050052,0.01158326515
483,0.0009868099988,0.0004068397968,0.0007766185513,0.01147841972
484,0.0009793669161,0.0004039386865,0.000772386363,0.01137637443
485,0.000972067142,0.0004009881404,0.0007677186314,0.01127197459
486,0.0009649226238,0.0003980194993,0.0007629274417,0.01116659503
487,0.0009581743227,0.000394985646,0.000757775716,0.01106488312
488,0.0009517693353,0.0003919173054,0.0007525130905,0.01097006951
489,0.0009456062931,0.0003888461648,0.0007467259161,0.01087204281
490,0.000939836334,0.0003857421713,0.0007409736926,0.01077692827
491,0.0009344303907,0.0003826591692,0.0007346844987,0.01067696161
492,0.0009293790484,0.0003795410914,0.0007285448821,0.01057783517
493,0.0009246362472,0.0003764097678,0.0007221689168,0.01047751028
494,0.0009201513138,0.0003732745231,0.000715852078,0.01038735814
495,0.0009158236521,0.0003701302792,0.0007094919152,0.01029609359
496,0.0009117041283,0.000367033756,0.0007028840449,0.01020630021
497,0.000907867015,0.0003639785984,0.0006963688509,0.01011797862
498,0.0009042620614,0.0003609238172,0.0006900151102,0.01002015946
499,0.0009008208442,0.0003578953676,0.0006835101829,0.009926628597
500,0.0008976342886,0.0003549472843,0.0006774022678,0.009837227818
501,0.0008947351652,0.0003520346696,0.0006691542037,0.009755430152
502,0.0008919633372,0.0003492042375,0.0006684743698,0.009676355616
503,0.0008891845966,0.0003464292071,0.0006622967848,0.009604128764
504,0.0008863653637,0.0003437062709,0.0006560378555,0.009542122464
505,0.0008835184076,0.000341058628,0.0006498621737,0.00948910369
506,0.0008805246968,0.0003384528786,0.0006444537229,0.009432236793
507,0.0008773531201,0.0003358868598,0.000638705598,0.009375898099
508,0.0008740628034,0.0003333835677,0.0006333767351,0.009318053765
509,0.0008705868682,0.0003309116175,0.0006282823186,0.009255536333
510,0.0008669259844,0.0003284755706,0.0006231928567,0.009197289497
511,0.0008631649142,0.0003260533,0.0006184995134,0.009137553091
512,0.0008593464432,0.0003236311714,0.0006135333738,0.009083076676
513,0.0008555693867,0.0003212009983,0.0006090834773,0.009025555272
514,0.0008516427303,0.000318740972,0.0006049321374,0.008970127284
515,0.0008478101521,0.0003162683249,0.000600755268,0.008919891024
516,0.0008440115021,0.0003137512046,0.0005966597665,0.00887707471
517,0.0008401824788,0.0003112306029,0.0005928321446,0.008827802846
518,0.0008364698961,0.0003087133213,0.0005891551086,0.008780144201
519,0.0008327872969,0.0003061560571,0.0005852671547,0.008737106747
520,0.0008291822708,0.0003035825136,0.0005817094734,0.008689275412
521,0.0008254740298,0.0003010115143,0.0005782741583,0.008640445768
522,0.0008216821368,0.0002984348197,0.0005749707242,0.008586495844
523,0.0008178014058,0.0002958998859,0.0005714294268,0.008530816932
524,0.0008139269253,0.0002933734502,0.000568123497,0.008472786941
525,0.0008099597998,0.0002908073425,0.0005645367862,0.008420597389
526,0.0008060482213,0.0002882447187,0.0005611443188,0.008362820423
527,0.0008020308531,0.0002856997902,0.0005575543968,0.008308013166
528,0.0007980733872,0.0002831704236,0.0005542944386,0.008251281678
529,0.0007941693862,0.0002807157525,0.0005506738059,0.00819599743
530,0.0007903882487,0.0002783093663,0.0005473992908,0.00815124764
531,0.000786679437,0.0002759458891,0.0005440018067,0.00811180905
532,0.0007831429463,0.0002736200889,0.0005407754671,0.008070206661
533,0.0007798475947,0.0002713802928,0.0005371499831,0.00802791419
534,0.0007766046321,0.0002692058924,0.0005339207897,0.007981548923
535,0.0007735481633,0.000267085651,0.0005302836207,0.007939961121
536,0.0007706323499,0.0002650295665,0.0005269910059,0.00789523299
537,0.000767874305,0.0002630534261,0.0005235613785,0.00784896543
538,0.0007650714295,0.0002611242292,0.0005204714926,0.007803417614
539,0.0007622078537,0.0002592449886,0.000517124864,0.007754889932
540,0.0007593640534,0.0002573742919,0.0005142526965,0.007702744415
541,0.0007565246796,0.0002555399105,0.0005112909222,0.007647562138
542,0.0007534230185,0.0002537552076,0.0005087981096,0.007594316748
543,0.0007502010967,0.0002520632915,0.0005059293533,0.007536092678
544,0.0007467303462,0.000250371308,0.000503470007,0.007479066308
545,0.0007430734932,0.0002487047525,0.0005009503684,0.007419384382
546,0.0007391963474,0.0002470833458,0.0004989577412,0.007367668651
547,0.0007350341419,0.0002455344632,0.0004966050752,0.007316342735
548,0.0007307112443,0.0002439765376,0.0004947451323,0.007269425281
549,0.0007262064745,0.0002424087855,0.0004926314867,0.007223704045
550,0.0007216503191,0.0002408404297,0.0004910776247,0.007177313318
551,0.0007168840654,0.0002392231245,0.0004892623835,0.007132460929
552,0.0007119241179,0.0002375879985,0.0004877252074,0.007087167488
553,0.0007069582605,0.0002359750681,0.0004863260847,0.007047933467
554,0.0007018802129,0.0002343857792,0.0004849033665,0.007008665044
555,0.0006966780684,0.0002327725634,0.0004835642667,0.006965823643
556,0.0006914481127,0.0002311362479,0.0004818724146,0.006918213307
557,0.0006861661461,0.0002294779299,0.0004805925164,0.006866088055
558,0.0006808737683,0.0002278078301,0.0004790178539,0.006810250537
559,0.0006755777576,0.0002261367702,0.0004775371852,0.006756188129
560,0.0006703597253,0.0002244154622,0.0004758969302,0.006694776292
561,0.0006651378188,0.0002226908171,0.0004746081252,0.006630817074
562,0.0006600464436,0.0002209433729,0.0004727823273,0.006568150622
563,0.0006550899258,0.0002191692384,0.000471435659,0.006503334608
564,0.0006501755707,0.0002173687185,0.0004695822202,0.006438887297
565,0.0006453862123,0.0002155931478,0.0004681631701,0.006371054708
566,0.0006406122989,0.0002138375264,0.000466372266,0.006306008303
567,0.0006358295892,0.0002120899516,0.0004648154502,0.006243705132
568,0.0006311088744,0.0002103618866,0.0004628927044,0.006181307898
569,0.0006264434182,0.0002086266961,0.0004611242809,0.006125198931
570,0.0006218278215,0.0002069161009,0.0004592638961,0.006066724389
571,0.0006172718867,0.0002052091451,0.0004574463291,0.006010020217
572,0.0006128797876,0.0002035320545,0.0004556060432,0.005956646177
573,0.0006086181252,0.0002019256355,0.0004538471846,0.005900961522
574,0.0006044131451,0.0002003376148,0.0004517893829,0.005847436904
575,0.0006002257539,0.0001987406151,0.00044999219,0.005792025894
576,0.000596104488,0.0001971660165,0.0004478396636,0.005738439016
577,0.0005919881448,0.0001956440923,0.0004458388932,0.005684867804
578,0.0005879495173,0.0001941781786,0.0004437863762,0.005633634757
579,0.0005840144966,0.0001927882036,0.0004415567496,0.005585390473
580,0.0005801008995,0.0001914656111,0.0004393805454,0.005537570464
581,0.0005762701605,0.00019017549,0.0004370834752,0.005496530637
582,0.0005725287498,0.0001889620178,0.0004345680837,0.005460668186
583,0.0005689428302,0.0001878335678,0.0004322386229,0.005428183071
584,0.0005654850529,0.0001867882966,0.0004296770386,0.005400219204
585,0.0005621468727,0.0001858644072,0.0004270945835,0.005375667729
586,0.0005589797553,0.0001850564382,0.0004244805185,0.005352824882
587,0.0005559911181,0.0001843072796,0.0004217270647,0.005332843377
588,0.0005530886189,0.0001836568239,0.000419196544,0.005315585546
589,0.000550304872,0.0001831293979,0.0004161892431,0.005293721666
590,0.0005475858264,0.0001827114987,0.0004136059355,0.00527298105
591,0.0005449198323,0.0001824106826,0.0004106267013,0.005249308344
592,0.000542356347,0.0001821466069,0.000408039486,0.005229452166
593,0.000539895762,0.0001819623255,0.0004051236712,0.005211146068
594,0.0005375712417,0.0001818622224,0.0004023153092,0.005200152337
595,0.0005353122533,0.0001817895881,0.0003994270036,0.00518660643
596,0.0005331009899,0.0001817727641,0.0003967146932,0.005175148175
597,0.000530943098,0.0001817955659,0.0003937203423,0.005160853505
598,0.0005289285224,0.0001818395857,0.0003910981695,0.005150690708
599,0.0005269193794,0.0001819092004,0.0003881987083,0.005138176123
600,0.0005249376883,0.0001820148571,0.0003855399263,0.005131153245
601,0.0005230151394,0.0001821367315,0.0003826778186,0.005120889812
602,0.0005211178482,0.0001822595064,0.0003799980596,0.005113136648
603,0.0005192229271,0.0001823676657,0.0003772846593,0.005102149554
604,0.0005173236381,0.0001824788555,0.0003747714778,0.00508840422
605,0.0005153493205,0.0001825799155,0.0003721695,0.005072900311
606,0.0005132900474,0.000182654811,0.0003696645345,0.005056689427
607,0.0005111726569,0.0001827230249,0.0003672263827,0.005038595518
608,0.0005090553022,0.0001827775658,0.0003647901739,0.005020743242
609,0.0005069179169,0.0001828073215,0.0003624709566,0.005001388638
610,0.0005046604931,0.0001827885568,0.0003601675005,0.004983967555
611,0.0005023396233,0.0001827249556,0.0003579957805,0.004963484658
612,0.0004999635434,0.000182606227,0.0003558743786,0.004941315749
613,0.0004975437026,0.0001824382441,0.0003538076306,0.004918899424
614,0.0004951137146,0.0001822164829,0.0003517521316,0.004895254614
615,0.0004926420675,0.0001819472763,0.0003498196467,0.00487159898
616,0.0004900773898,0.0001816436222,0.0003478615204,0.004846332319
617,0.0004874395274,0.0001812887141,0.000346154332,0.004820218964
618,0.0004847869552,0.0001808836474,0.0003444202367,0.004793381232
619,0.0004821509494,0.0001804161242,0.0003429566259,0.004766354688
620,0.0004794691036,0.0001798910059,0.0003413522965,0.004737283565
621,0.0004767248392,0.0001793219141,0.0003399703406,0.004706089019
622,0.0004739614836,0.0001787158563,0.0003384967312,0.004673692274
623,0.0004711705501,0.0001780844205,0.0003372636746,0.00464386354
624,0.0004684454632,0.0001774002699,0.0003358774423,0.004611588284
625,0.0004659135962,0.0001766872398,0.0003348279089,0.004581318176
626,0.0004633708847,0.0001759218768,0.0003336998712,0.004550578784
627,0.0004607090913,0.0001751022017,0.0003328612918,0.004521080684
628,0.0004579253365,0.0001742363689,0.0003319182841,0.004489325705
629,0.0004551729602,0.0001733126467,0.000331137103,0.004456500719
630,0.0004524644477,0.000172361432,0.0003301894635,0.00442271231
631,0.0004498080044,0.0001713684818,0.0003294434288,0.004388393545
632,0.0004471645166,0.0001703076788,0.0003285728889,0.004354131235
633,0.0004445097322,0.0001691942188,0.0003279043533,0.004320726891
634,0.0004419000485,0.0001680512896,0.0003271993708,0.004291499677
635,0.0004393747567,0.0001668896449,0.0003266700468,0.004263635717
636,0.0004368951999,0.0001656991102,0.0003261751083,0.00423632672
637,0.000434538582,0.0001644875526,0.0003258119153,0.004210992733
638,0.0004322369613,0.0001632802884,0.0003254992797,0.004185630019
639,0.0004299665898,0.0001620575251,0.0003252891285,0.00416135506
640,0.0004277519944,0.0001608380645,0.0003250923987,0.004136850321
641,0.0004255202371,0.0001595777157,0.0003248781319,0.004114686301
642,0.0004233545084,0.0001583381713,0.0003247479152,0.004093558223
643,0.0004213121665,0.000157088731,0.0003245968001,0.004072624884
644,0.0004193340824,0.0001558539865,0.0003246346243,0.004050534072
645,0.0004174188691,0.0001546397795,0.0003246193136,0.004029509984
646,0.0004155047943,0.0001534000244,0.0003248058103,0.004006243311
647,0.000413635904,0.0001521605331,0.0003249543694,0.003982568728
648,0.0004118001172,0.0001509331136,0.0003251644326,0.003961445984
649,0.0004099819663,0.0001497049475,0.0003252619489,0.003942876527
650,0.0004081978846,0.000148513073,0.0003255301347,0.003924589545
651,0.0004064938489,0.0001473696234,0.0003256504787,0.00390753352
652,0.0004047735493,0.0001462460887,0.0003259217138,0.003889652234
653,0.0004029717333,0.0001451225089,0.0003260623844,0.003875875288
654,0.0004012136211,0.0001440324477,0.0003261917932,0.003859521445
655,0.0003994322233,0.0001429619645,0.0003262771343,0.003845819618
656,0.0003975784674,0.0001419133792,0.0003263623683,0.003830704315
657,0.0003956593433,0.0001408729493,0.0003263190179,0.003814641139
658,0.0003936546325,0.0001398333487,0.0003262755695,0.003799745433
659,0.0003916236958,0.0001388347815,0.0003260711057,0.003783066858
660,0.0003896408269,0.0001378917955,0.0003258345975,0.003767572528
661,0.0003876549763,0.0001370221229,0.0003255507418,0.003752764255
662,0.000385572909,0.0001361721276,0.0003252444601,0.003738010244
663,0.0003833998014,0.000135327667,0.0003247911591,0.003722900421
664,0.0003811933069,0.0001345163753,0.0003244334839,0.003707765718
665,0.0003789203881,0.0001337400933,0.0003237686555,0.003694167062
666,0.0003766137415,0.0001330186686,0.0003231527961,0.003679440248
667,0.0003742767294,0.0001323241266,0.0003223079079,0.003667127908
668,0.0003719225137,0.0001316750343,0.0003216010111,0.003651820097
669,0.0003695140982,0.0001310568241,0.0003205818315,0.003635684343
670,0.0003671149193,0.0001304729994,0.0003196855601,0.003620118639
671,0.0003646779352,0.0001299198817,0.000318595088,0.003606551048
672,0.0003622833002,0.0001293938749,0.0003176006566,0.003592677847
673,0.0003599423372,0.0001289221907,0.000316352966,0.003576869495
674,0.0003576816077,0.0001285090733,0.0003152359091,0.003558229995
675,0.0003553846288,0.0001281474445,0.0003139786471,0.003538919593
676,0.000353119843,0.0001278234083,0.0003127786149,0.003518729395
677,0.0003508728526,0.000127520805,0.0003113421484,0.003499945718
678,0.0003486154108,0.000127267905,0.0003101024157,0.003481469408
679,0.0003463794471,0.0001270277125,0.0003086212829,0.003465605709
680,0.000344185832,0.0001267857932,0.0003072190073,0.003449834796
681,0.0003420522855,0.000126559763,0.0003056318239,0.003430887482
682,0.0003399590215,0.000126313861,0.0003040713466,0.003412176291
683,0.0003379269412,0.0001260533484,0.0003023218127,0.00339623614
684,0.000335983024,0.0001257702478,0.0003007116988,0.003378500257
685,0.0003340898951,0.0001254688248,0.0002988961108,0.003359441211
686,0.0003322503666,0.0001251564625,0.0002972493826,0.003340867874
687,0.0003304603648,0.0001248340371,0.0002953843734,0.003322758572
688,0.0003287246511,0.0001244803155,0.0002937215287,0.003303126335
689,0.0003270457799,0.0001240989548,0.0002917605867,0.003286561552
690,0.0003254081097,0.0001236988223,0.0002900789889,0.003270342993
691,0.0003238006636,0.0001232765945,0.0002879281179,0.003253919137
692,0.0003222992495,0.0001228394898,0.0002861446176,0.003236440612
693,0.0003208392867,0.0001223905366,0.0002839541461,0.00321910781
694,0.0003194386162,0.0001219067531,0.0002821477897,0.003202556863
695,0.0003180058888,0.0001213835371,0.000279893131,0.003187423922
696,0.0003165811857,0.0001208358269,0.0002779923648,0.003169617076
697,0.0003151716705,0.0001202492517,0.0002757427831,0.003150758245
698,0.0003138018407,0.0001196353898,0.0002738785606,0.003132303455
699,0.000312431172,0.0001190182895,0.0002716372407,0.003114428782
700,0.000311171212,0.0001183807336,0.0002696947237,0.00309595208
701,0.0003099264214,0.000117730741,0.0002674018121,0.003077100414
702,0.0003086870921,0.0001170591526,0.0002655150795,0.003057984722
703,0.0003074523987,0.0001163746613,0.0002632959796,0.003038980717
704,0.000306268041,0.000115675728,0.0002614215228,0.003018357823
705,0.000305102221,0.0001149766608,0.0002591818007,0.002998061928
706,0.0003039664632,0.0001142624128,0.0002572997231,0.00297831098
707,0.0003027918501,0.0001135326217,0.0002550360727,0.00295966548
708,0.0003016028128,0.0001127954171,0.0002531060532,0.002939862925
709,0.0003003444722,0.0001120591223,0.0002509073405,0.002922270997
710,0.0002990525124,0.0001113225435,0.0002489980956,0.002904891992
711,0.0002977517062,0.0001105685382,0.0002468458057,0.002889237557
712,0.0002964396498,0.0001098080067,0.0002449705096,0.002873063751
713,0.0002950715268,0.0001090439642,0.0002428374942,0.002858267429
714,0.0002936674315,0.0001082712895,0.0002410350346,0.002843462577
715,0.0002922272322,0.0001074969146,0.0002390168125,0.002830074815
716,0.0002907578382,0.0001067186196,0.0002372607654,0.002815425022
717,0.0002892726162,0.0001059424194,0.0002352584244,0.002800528375
718,0.0002877514114,0.0001051603954,0.000233635681,0.002782877989
719,0.0002862124435,0.000104380556,0.0002316949525,0.002766676982
720,0.0002846326891,0.0001035922141,0.0002301091243,0.002751371973
721,0.0002830077026,0.000102804291,0.0002282381168,0.002736432195
722,0.0002813670434,0.00010202083,0.0002266814346,0.002720715092
723,0.0002797095941,0.0001012413275,0.000224884028,0.002706212478
724,0.0002780599407,0.0001004670256,0.000223420993,0.002690489148
725,0.0002763656718,9.969854677e-05,0.0002217509247,0.002674540182
726,0.0002746859506,9.893102809e-05,0.0002203653423,0.002656541198
727,0.0002729672427,9.816288623e-05,0.0002187752679,0.002638979059
728,0.0002712347181,9.739723048e-05,0.0002174764477,0.002620418197
729,0.0002695024472,9.663756866e-05,0.0002160066399,0.002602889228
730,0.0002677796562,9.587574794e-05,0.0002148492311,0.002584240134
731,0.0002660580265,9.512564769e-05,0.0002135708954,0.002566417668
732,0.0002643162938,9.437547675e-05,0.0002125766149,0.002547846373
733,0.0002625426583,9.3640802e-05,0.0002113761948,0.002530359735
734,0.000260759183,9.290518675e-05,0.0002104518964,0.002512971235
735,0.0002589348441,9.218362114e-05,0.0002094487062,0.002494324127
736,0.0002571298338,9.146861474e-05,0.0002086446851,0.002475674104
737,0.0002553332381,9.076290197e-05,0.0002077535414,0.002456957013
738,0.0002535289703,9.005881156e-05,0.0002071182067,0.00243779595
739,0.0002517030744,8.936673407e-05,0.0002064051699,0.002419470922
740,0.0002498785706,8.868141155e-05,0.000205847236,0.002400287592
741,0.0002480213726,8.799838617e-05,0.0002052339165,0.002381119936
742,0.0002461854096,8.730841285e-05,0.0002047960218,0.002360566956
743,0.0002443473169,8.662734753e-05,0.0002043185562,0.002340723613
744,0.0002425045213,8.594695816e-05,0.0002039659644,0.002320519084
745,0.000240687208,8.5267836e-05,0.0002035158507,0.002299828579
746,0.0002389032552,8.457423661e-05,0.0002031022605,0.002278961915
747,0.0002371397218,8.387982675e-05,0.0002025773818,0.002258658474
748,0.0002353922786,8.317570117e-05,0.0002020770873,0.002239300564
749,0.0002336601137,8.247594248e-05,0.0002014873928,0.002219321538
750,0.0002319453623,8.177244642e-05,0.0002008983371,0.002198946052
751,0.0002302316173,8.106730764e-05,0.0002001572607,0.002179082046
752,0.0002285208995,8.033911667e-05,0.0001994535793,0.002157604869
753,0.0002268051868,7.96137447e-05,0.000198593751,0.00213515005
754,0.0002250863265,7.887863382e-05,0.0001977605385,0.002112905051
755,0.0002233669328,7.81485753e-05,0.0001967865846,0.00209029765
756,0.0002216416393,7.740725441e-05,0.0001958330373,0.002066728439
757,0.0002198823876,7.666769784e-05,0.0001947864345,0.002043395443
758,0.0002181161645,7.591176178e-05,0.0001937457951,0.002019859779
759,0.0002163156018,7.516005553e-05,0.0001926195908,0.001996448906
760,0.0002144828773,7.439762321e-05,0.000191505628,0.00197379801
761,0.0002126363762,7.364431618e-05,0.000190308688,0.001951183374
762,0.0002107831371,7.287302456e-05,0.0001891050917,0.001928283131
763,0.0002089093267,7.21108002e-05,0.0001878320479,0.001906708668
764,0.0002070114764,7.134655221e-05,0.000186589361,0.001884762058
765,0.0002050697803,7.05899112e-05,0.0001852553787,0.001863354191
766,0.0002031001136,6.983758414e-05,0.0001839400292,0.001841314344
767,0.0002011111659,6.909472312e-05,0.0001825589721,0.001819999614
768,0.0001991201496,6.837141161e-05,0.0001812083198,0.00179897318
769,0.0001971077509,6.766098413e-05,0.0001797924477,0.001779460655
770,0.0001951126222,6.697306645e-05,0.0001783793831,0.001760141819
771,0.0001931111032,6.630023344e-05,0.0001769280886,0.001741250956
772,0.0001911033549,6.563990613e-05,0.0001754605907,0.001722743955
773,0.0001890960294,6.499016074e-05,0.0001739606163,0.001704227139
774,0.0001870864865,6.436022273e-05,0.0001724741071,0.001687109327
775,0.0001851004276,6.374247912e-05,0.0001709807923,0.001670327449
776,0.0001831097495,6.314406452e-05,0.0001695180722,0.001652706139
777,0.0001811232567,6.255237304e-05,0.0001680155394,0.001635630398
778,0.0001791405628,6.197698697e-05,0.0001665606355,0.001619238958
779,0.0001771773735,6.14148498e-05,0.0001650850335,0.001603076736
780,0.0001752384265,6.086652711e-05,0.0001636191791,0.001587399072
781,0.0001733342588,6.033554879e-05,0.0001621264044,0.001571988552
782,0.0001714503553,5.98297239e-05,0.0001606932008,0.001556490796
783,0.0001696177839,5.933526774e-05,0.0001592279942,0.001542096937
784,0.0001677975178,5.88557887e-05,0.0001578401426,0.001528150785
785,0.0001660256462,5.839870069e-05,0.000156394917,0.001514857459
786,0.0001642947422,5.79618534e-05,0.0001550170802,0.001501681551
787,0.0001626248036,5.753877724e-05,0.0001536314897,0.001488938676
788,0.0001610153296,5.714203099e-05,0.0001522663204,0.001476890146
789,0.000159476618,5.675800874e-05,0.0001509545684,0.001465015207
790,0.0001580156366,5.640279507e-05,0.0001496445209,0.001453725478
791,0.0001566249474,5.606026551e-05,0.0001482844753,0.001443425286
792,0.0001553069027,5.573869591e-05,0.0001469302683,0.001432505789
793,0.0001540723588,5.542433524e-05,0.0001456135479,0.001422001578
794,0.0001528971598,5.512643632e-05,0.0001443361222,0.001411814844
795,0.0001518050141,5.483861603e-05,0.0001430950608,0.001401771428
796,0.0001507754893,5.456780529e-05,0.0001418367736,0.001392476433
797,0.0001498209142,5.429746068e-05,0.0001406270043,0.001382897434
798,0.0001489567813,5.404338036e-05,0.0001394422463,0.001373850052
799,0.0001481543015,5.379699617e-05,0.0001382888927,0.001364895706
800,0.0001474105147,5.356400511e-05,0.0001371360123,0.001356699994
801,0.0001467234456,5.333392138e-05,0.0001360341982,0.001348680093
802,0.0001460562954,5.311062243e-05,0.000134913954,0.001341081637
803,0.0001454341872,5.28807922e-05,0.0001339107754,0.001333764837
